a,b,feature,target,split,n,r2_a,r2_b,delta,lo,hi
base:pointmae,base:pointmae_gravity,mean,height,val,2250,0.5090398220751051,0.5884374716954088,-0.0793976496203037,-0.0976553126758561,-0.0619447279548135
base:pointmae_upright,base:pointmae_gravity,mean,height,val,2250,0.7136991690427859,0.5884374716954088,0.125261697347377,0.1084419544624667,0.1422077773457457
base:pointmae,base:pointmae_gravity,mean,height,test,2250,0.4983290475525361,0.5955597614553385,-0.0972307139028023,-0.1157538960090591,-0.0785321169481641
base:pointmae_upright,base:pointmae_gravity,mean,height,test,2250,0.7082593882772652,0.5955597614553385,0.1126996268219266,0.0956082582668366,0.131229062460859
base:pointmae,base:pointmae_gravity,mean,leaf_angle,val,2250,0.8630059360134047,0.937462285520304,-0.0744563495068991,-0.0851241038617574,-0.0646808834984944
base:pointmae_upright,base:pointmae_gravity,mean,leaf_angle,val,2250,0.9524622931195744,0.937462285520304,0.0150000075992704,0.0114185764432153,0.0185301480728538
base:pointmae,base:pointmae_gravity,mean,leaf_angle,test,2250,0.8555828317229371,0.9303147265232536,-0.0747318948003165,-0.0845827346552366,-0.0650959234169672
base:pointmae_upright,base:pointmae_gravity,mean,leaf_angle,test,2250,0.950826600854444,0.9303147265232536,0.0205118743311905,0.0167902522516559,0.0245520473782201
base:pointmae,base:pointmae_gravity,mean,leaf_count,val,2250,0.9209418759729596,0.9429877285146696,-0.0220458525417099,-0.0269752810375729,-0.0175557841705138
base:pointmae_upright,base:pointmae_gravity,mean,leaf_count,val,2250,0.960903190883257,0.9429877285146696,0.0179154623685873,0.0148056982435601,0.0210947939398743
base:pointmae,base:pointmae_gravity,mean,leaf_count,test,2250,0.9128033453610932,0.937534640318975,-0.0247312949578819,-0.0300253076139885,-0.0198078686676158
base:pointmae_upright,base:pointmae_gravity,mean,leaf_count,test,2250,0.954816429360988,0.937534640318975,0.0172817890420129,0.0137478494454139,0.0208992272035745
base:pointmae,base:pointmae_gravity,mean,biomass,val,2250,0.7196322606883382,0.7466995372320671,-0.0270672765437288,-0.0359002650387246,-0.0185832143622195
base:pointmae_upright,base:pointmae_gravity,mean,biomass,val,2250,0.7992602537140319,0.7466995372320671,0.0525607164819648,0.0440448477286564,0.0615988653690619
base:pointmae,base:pointmae_gravity,mean,biomass,test,2250,0.7125316795297307,0.7464442954412289,-0.0339126159114981,-0.0434714660259651,-0.0250641289437377
base:pointmae_upright,base:pointmae_gravity,mean,biomass,test,2250,0.7964110195767096,0.7464442954412289,0.0499667241354806,0.0408348716933971,0.0592439159507773
base:pointmae,base:pointmae_gravity,mean,leaf_droop,val,2250,0.2586113533806515,0.3709966479220754,-0.1123852945414238,-0.1391608352799084,-0.0851556361720664
base:pointmae_upright,base:pointmae_gravity,mean,leaf_droop,val,2250,0.4687399171810709,0.3709966479220754,0.0977432692589954,0.0708978174645113,0.1240811988993128
base:pointmae,base:pointmae_gravity,mean,leaf_droop,test,2250,0.251435802336686,0.3654044804017207,-0.1139686780650346,-0.1405299876702491,-0.0871245564443652
base:pointmae_upright,base:pointmae_gravity,mean,leaf_droop,test,2250,0.44375140211323,0.3654044804017207,0.0783469217115093,0.0520175338259975,0.105390155746721
base:pointmae,base:pointmae_gravity,mean,leaf_twist,val,2250,0.7192766797944732,0.8832778838646744,-0.1640012040702012,-0.1833469959551687,-0.1451472794191345
base:pointmae_upright,base:pointmae_gravity,mean,leaf_twist,val,2250,0.8982465353824881,0.8832778838646744,0.0149686515178136,0.0093048996431765,0.0209527190415795
base:pointmae,base:pointmae_gravity,mean,leaf_twist,test,2250,0.7107182461460915,0.8812115425499824,-0.1704932964038908,-0.1886734920465426,-0.1524065040873853
base:pointmae_upright,base:pointmae_gravity,mean,leaf_twist,test,2250,0.9030205344170013,0.8812115425499824,0.0218089918670187,0.0166704672545554,0.0270100149343758
base:pointmae,base:pointmae_gravity,mean,leaf_curl,val,2250,0.1992287640967983,0.3086840112467616,-0.1094552471499632,-0.1353445100609418,-0.0843588575826017
base:pointmae_upright,base:pointmae_gravity,mean,leaf_curl,val,2250,0.4173606083389184,0.3086840112467616,0.1086765970921568,0.0815999924484226,0.1337247519660712
base:pointmae,base:pointmae_gravity,mean,leaf_curl,test,2250,0.2123725649473383,0.3175762367530327,-0.1052036718056943,-0.1321953938793326,-0.078783185011847
base:pointmae_upright,base:pointmae_gravity,mean,leaf_curl,test,2250,0.4388970244251894,0.3175762367530327,0.1213207876721567,0.0937244921946798,0.1486070267999407
base:pointmae,base:pointmae_gravity,mean,leaf_length,val,2250,0.6442047802839354,0.7075028593351368,-0.0632980790512014,-0.0764209095635837,-0.0503820696733062
base:pointmae_upright,base:pointmae_gravity,mean,leaf_length,val,2250,0.7734759958851727,0.7075028593351368,0.0659731365500359,0.0538550875865773,0.0788488622813933
base:pointmae,base:pointmae_gravity,mean,leaf_length,test,2250,0.6427191943918099,0.7132399981795514,-0.0705208037877415,-0.0832541883082689,-0.057986535969719
base:pointmae_upright,base:pointmae_gravity,mean,leaf_length,test,2250,0.7780988718132922,0.7132399981795514,0.0648588736337407,0.0523601782104157,0.0781334393190574
base:pointmae,base:pointmae_gravity,mean,leaf_width,val,2250,0.7239807926954773,0.7346717908626585,-0.0106909981671812,-0.0208858594643361,-0.0009611348262814
base:pointmae_upright,base:pointmae_gravity,mean,leaf_width,val,2250,0.7860427115881574,0.7346717908626585,0.0513709207254988,0.0419202117042253,0.0613852139773516
base:pointmae,base:pointmae_gravity,mean,leaf_width,test,2250,0.722254697802343,0.728179418609934,-0.0059247208075909,-0.015358487161768,0.0035741791624258
base:pointmae_upright,base:pointmae_gravity,mean,leaf_width,test,2250,0.7799561029205309,0.728179418609934,0.0517766843105969,0.041646073537456,0.0624362327123616
base:pointmae,base:pointmae_gravity,mean,stem_radius,val,2250,0.4264921397999855,0.4978595650849512,-0.0713674252849656,-0.0940176744761829,-0.0491905103285427
base:pointmae_upright,base:pointmae_gravity,mean,stem_radius,val,2250,0.545788974315723,0.4978595650849512,0.0479294092307718,0.0266235631568785,0.0693807190591256
base:pointmae,base:pointmae_gravity,mean,stem_radius,test,2250,0.4100630067861756,0.468538166997534,-0.0584751602113584,-0.0855639700388229,-0.0322638015963522
base:pointmae_upright,base:pointmae_gravity,mean,stem_radius,test,2250,0.4988345749001874,0.468538166997534,0.0302964079026534,0.0056256471649767,0.0547476378259779
base:pointmae,base:pointmae_gravity,mean,tassel_droop,val,2250,0.0409396336309397,0.1832210720237675,-0.1422814383928278,-0.1608922581525417,-0.1237030715252624
base:pointmae_upright,base:pointmae_gravity,mean,tassel_droop,val,2250,0.3093057959843153,0.1832210720237675,0.1260847239605477,0.109316500443348,0.143118950977566
base:pointmae,base:pointmae_gravity,mean,tassel_droop,test,2250,0.012193339504719,0.1580391322863729,-0.1458457927816538,-0.163234635504423,-0.1280491996102681
base:pointmae_upright,base:pointmae_gravity,mean,tassel_droop,test,2250,0.2658308512692314,0.1580391322863729,0.1077917189828585,0.0888059089428897,0.126657454528396
maize_4m,base:pointmae_gravity,mean,height,val,2250,0.5967133702972229,0.5884374716954088,0.0082758986018141,-0.0145192506688218,0.0308936568901538
maize_e2_pcrgbd,base:pointmae_gravity,mean,height,val,2250,0.6329914435048509,0.5884374716954088,0.044553971809442,0.0225169102129539,0.0660404599269001
maize_e2_pc,base:pointmae_gravity,mean,height,val,2250,0.2426809489865504,0.5884374716954088,-0.3457565227088583,-0.3828733133145808,-0.3089609012049605
base:maize_4m_gravity,base:pointmae_gravity,mean,height,val,2250,0.5429308923961145,0.5884374716954088,-0.0455065792992943,-0.0687308581645353,-0.0224600842419672
base:maize_e2_pcrgbd_gravity,base:pointmae_gravity,mean,height,val,2250,0.5974621611520015,0.5884374716954088,0.0090246894565926,-0.0146332422487017,0.0324409771669657
base:maize_e2_pc_gravity,base:pointmae_gravity,mean,height,val,2250,0.2761825046522435,0.5884374716954088,-0.3122549670431653,-0.344536796926542,-0.2790054634001906
maize_4m,base:pointmae_gravity,mean,height,test,2250,0.5936492549126804,0.5955597614553385,-0.0019105065426581,-0.0256057672548492,0.0215756289831375
maize_e2_pcrgbd,base:pointmae_gravity,mean,height,test,2250,0.6412987979162019,0.5955597614553385,0.0457390364608634,0.0249637317222888,0.0674894774350507
maize_e2_pc,base:pointmae_gravity,mean,height,test,2250,0.2445207906455905,0.5955597614553385,-0.351038970809748,-0.3861810601119448,-0.3169191745126498
base:maize_4m_gravity,base:pointmae_gravity,mean,height,test,2250,0.5272272781142179,0.5955597614553385,-0.0683324833411206,-0.0931287090871255,-0.0436370997838546
base:maize_e2_pcrgbd_gravity,base:pointmae_gravity,mean,height,test,2250,0.5927296673449796,0.5955597614553385,-0.0028300941103589,-0.0257286628006898,0.0197708839590971
base:maize_e2_pc_gravity,base:pointmae_gravity,mean,height,test,2250,0.2678396982763735,0.5955597614553385,-0.3277200631789649,-0.3608000356987622,-0.2952897734115292
maize_4m,base:pointmae_gravity,mean,leaf_angle,val,2250,0.8800760966732575,0.937462285520304,-0.0573861888470463,-0.0679235123176159,-0.0481916569975578
maize_e2_pcrgbd,base:pointmae_gravity,mean,leaf_angle,val,2250,0.91784286143116,0.937462285520304,-0.0196194240891439,-0.0271437067549435,-0.0126304005978854
maize_e2_pc,base:pointmae_gravity,mean,leaf_angle,val,2250,0.8310542100580158,0.937462285520304,-0.106408075462288,-0.117937655392717,-0.0950244554353434
base:maize_4m_gravity,base:pointmae_gravity,mean,leaf_angle,val,2250,0.8768209321559257,0.937462285520304,-0.0606413533643781,-0.0702154461083284,-0.0522896750870664
base:maize_e2_pcrgbd_gravity,base:pointmae_gravity,mean,leaf_angle,val,2250,0.903253242416105,0.937462285520304,-0.0342090431041988,-0.0430500680276322,-0.0261284419312899
base:maize_e2_pc_gravity,base:pointmae_gravity,mean,leaf_angle,val,2250,0.8342904617383068,0.937462285520304,-0.103171823781997,-0.1149604083281151,-0.0926831559068001
maize_4m,base:pointmae_gravity,mean,leaf_angle,test,2250,0.8710301502990935,0.9303147265232536,-0.0592845762241601,-0.0694972237051927,-0.0490949353022709
maize_e2_pcrgbd,base:pointmae_gravity,mean,leaf_angle,test,2250,0.909026570405868,0.9303147265232536,-0.0212881561173856,-0.0293774664437674,-0.0134240360782184
maize_e2_pc,base:pointmae_gravity,mean,leaf_angle,test,2250,0.8127265668963912,0.9303147265232536,-0.1175881596268624,-0.1313937132722533,-0.1043130013101247
base:maize_4m_gravity,base:pointmae_gravity,mean,leaf_angle,test,2250,0.8642856222046993,0.9303147265232536,-0.0660291043185543,-0.076243825893048,-0.0563228931560924
base:maize_e2_pcrgbd_gravity,base:pointmae_gravity,mean,leaf_angle,test,2250,0.8967332773751272,0.9303147265232536,-0.0335814491481264,-0.0420405510804257,-0.0253832196956485
base:maize_e2_pc_gravity,base:pointmae_gravity,mean,leaf_angle,test,2250,0.8322322469484043,0.9303147265232536,-0.0980824795748493,-0.1092453164293326,-0.0866327491997974
maize_4m,base:pointmae_gravity,mean,leaf_count,val,2250,0.9069181165159366,0.9429877285146696,-0.0360696119987331,-0.0432986728004871,-0.0291665703834227
maize_e2_pcrgbd,base:pointmae_gravity,mean,leaf_count,val,2250,0.9233333435310436,0.9429877285146696,-0.019654384983626,-0.0265473246123464,-0.0132423675046897
maize_e2_pc,base:pointmae_gravity,mean,leaf_count,val,2250,0.7722488250067524,0.9429877285146696,-0.1707389035079173,-0.1863658395535798,-0.1567871936504429
base:maize_4m_gravity,base:pointmae_gravity,mean,leaf_count,val,2250,0.895422698149847,0.9429877285146696,-0.0475650303648227,-0.0550258084759727,-0.0405279811765153
base:maize_e2_pcrgbd_gravity,base:pointmae_gravity,mean,leaf_count,val,2250,0.9083890893461106,0.9429877285146696,-0.0345986391685591,-0.0420307720834433,-0.0277804475874479
base:maize_e2_pc_gravity,base:pointmae_gravity,mean,leaf_count,val,2250,0.7946797439271094,0.9429877285146696,-0.1483079845875603,-0.1630574662887562,-0.1345202203062151
maize_4m,base:pointmae_gravity,mean,leaf_count,test,2250,0.899083404660346,0.937534640318975,-0.038451235658629,-0.0463546684764816,-0.0305943463659524
maize_e2_pcrgbd,base:pointmae_gravity,mean,leaf_count,test,2250,0.9105578474756604,0.937534640318975,-0.0269767928433147,-0.0346476980830859,-0.0196554057680043
maize_e2_pc,base:pointmae_gravity,mean,leaf_count,test,2250,0.7606364719326888,0.937534640318975,-0.1768981683862862,-0.1927716188272525,-0.1624076170087105
base:maize_4m_gravity,base:pointmae_gravity,mean,leaf_count,test,2250,0.8877765976969113,0.937534640318975,-0.0497580426220637,-0.0580352178650803,-0.0419140489736602
base:maize_e2_pcrgbd_gravity,base:pointmae_gravity,mean,leaf_count,test,2250,0.9009376781788834,0.937534640318975,-0.0365969621400916,-0.0448662357934761,-0.0285914952046779
base:maize_e2_pc_gravity,base:pointmae_gravity,mean,leaf_count,test,2250,0.7800719203809867,0.937534640318975,-0.1574627199379883,-0.1723494496498702,-0.1423414647297222
maize_4m,base:pointmae_gravity,mean,biomass,val,2250,0.7791862883845085,0.7466995372320671,0.0324867511524414,0.0219677821325068,0.0432498056109807
maize_e2_pcrgbd,base:pointmae_gravity,mean,biomass,val,2250,0.7899006454940364,0.7466995372320671,0.0432011082619693,0.032203376217704,0.0541228743469447
maize_e2_pc,base:pointmae_gravity,mean,biomass,val,2250,0.6765009874826782,0.7466995372320671,-0.0701985497493888,-0.0830962326404381,-0.0569033367133405
base:maize_4m_gravity,base:pointmae_gravity,mean,biomass,val,2250,0.7724762255435278,0.7466995372320671,0.0257766883114607,0.014629937073782,0.0364468936646642
base:maize_e2_pcrgbd_gravity,base:pointmae_gravity,mean,biomass,val,2250,0.7773905529166988,0.7466995372320671,0.0306910156846317,0.0192210193098925,0.0425094582562357
base:maize_e2_pc_gravity,base:pointmae_gravity,mean,biomass,val,2250,0.6863418714335987,0.7466995372320671,-0.0603576657984683,-0.0750025165505238,-0.0462519760714608
maize_4m,base:pointmae_gravity,mean,biomass,test,2250,0.7715412478796718,0.7464442954412289,0.0250969524384429,0.0126173849338434,0.0368850539468767
maize_e2_pcrgbd,base:pointmae_gravity,mean,biomass,test,2250,0.7864526464490598,0.7464442954412289,0.0400083510078308,0.0281987316408618,0.0512525008460116
maize_e2_pc,base:pointmae_gravity,mean,biomass,test,2250,0.6700752423882217,0.7464442954412289,-0.0763690530530072,-0.0923795376827888,-0.0610403993398008
base:maize_4m_gravity,base:pointmae_gravity,mean,biomass,test,2250,0.7629340712392905,0.7464442954412289,0.0164897757980615,0.0043386393264563,0.0289902471014732
base:maize_e2_pcrgbd_gravity,base:pointmae_gravity,mean,biomass,test,2250,0.770309971654377,0.7464442954412289,0.023865676213148,0.0115202708541165,0.0365116085980816
base:maize_e2_pc_gravity,base:pointmae_gravity,mean,biomass,test,2250,0.6739139052801999,0.7464442954412289,-0.072530390161029,-0.0885143061726963,-0.0567822482961442
maize_4m,base:pointmae_gravity,mean,leaf_droop,val,2250,0.2979557846628385,0.3709966479220754,-0.0730408632592368,-0.1078591763462266,-0.037283550120984
maize_e2_pcrgbd,base:pointmae_gravity,mean,leaf_droop,val,2250,0.3372504868027444,0.3709966479220754,-0.033746161119331,-0.0680962667256274,0.000961705977833
maize_e2_pc,base:pointmae_gravity,mean,leaf_droop,val,2250,0.1507390749005611,0.3709966479220754,-0.2202575730215142,-0.2552276240920592,-0.18376360193904
base:maize_4m_gravity,base:pointmae_gravity,mean,leaf_droop,val,2250,0.2783186099727526,0.3709966479220754,-0.0926780379493228,-0.1275845585522263,-0.0590208368847356
base:maize_e2_pcrgbd_gravity,base:pointmae_gravity,mean,leaf_droop,val,2250,0.3105430791882966,0.3709966479220754,-0.0604535687337788,-0.0958957183132478,-0.0252176921655242
base:maize_e2_pc_gravity,base:pointmae_gravity,mean,leaf_droop,val,2250,0.1546067972087345,0.3709966479220754,-0.2163898507133409,-0.2480504273734118,-0.1854245299287935
maize_4m,base:pointmae_gravity,mean,leaf_droop,test,2250,0.3024097382087648,0.3654044804017207,-0.0629947421929558,-0.0959233704870636,-0.0310432160734432
maize_e2_pcrgbd,base:pointmae_gravity,mean,leaf_droop,test,2250,0.3402166922658305,0.3654044804017207,-0.0251877881358901,-0.0590575122622756,0.0077879855088409
maize_e2_pc,base:pointmae_gravity,mean,leaf_droop,test,2250,0.1459159312265293,0.3654044804017207,-0.2194885491751913,-0.2541697074623856,-0.1865742140721283
base:maize_4m_gravity,base:pointmae_gravity,mean,leaf_droop,test,2250,0.2862948914137697,0.3654044804017207,-0.0791095889879509,-0.1122119979508599,-0.0463619217934393
base:maize_e2_pcrgbd_gravity,base:pointmae_gravity,mean,leaf_droop,test,2250,0.3320238016569715,0.3654044804017207,-0.0333806787447491,-0.0667086260876924,-0.0016374478053687
base:maize_e2_pc_gravity,base:pointmae_gravity,mean,leaf_droop,test,2250,0.1691192027962513,0.3654044804017207,-0.1962852776054693,-0.227100108490861,-0.1648909747366322
maize_4m,base:pointmae_gravity,mean,leaf_twist,val,2250,0.9229050658550936,0.8832778838646744,0.0396271819904191,0.0301593747987145,0.0497397988481168
maize_e2_pcrgbd,base:pointmae_gravity,mean,leaf_twist,val,2250,0.9230820209284328,0.8832778838646744,0.0398041370637582,0.0301980143466353,0.0497602466412864
maize_e2_pc,base:pointmae_gravity,mean,leaf_twist,val,2250,0.8953585475111511,0.8832778838646744,0.0120806636464766,0.0016762834585589,0.0220141282745601
base:maize_4m_gravity,base:pointmae_gravity,mean,leaf_twist,val,2250,0.9260409432854873,0.8832778838646744,0.0427630594208127,0.0349908735228704,0.0510569622714292
base:maize_e2_pcrgbd_gravity,base:pointmae_gravity,mean,leaf_twist,val,2250,0.9222108853163958,0.8832778838646744,0.0389330014517214,0.030344120300034,0.0476396832460882
base:maize_e2_pc_gravity,base:pointmae_gravity,mean,leaf_twist,val,2250,0.9262451575414816,0.8832778838646744,0.0429672736768071,0.0354126013518481,0.0508705449458021
maize_4m,base:pointmae_gravity,mean,leaf_twist,test,2250,0.9233860566694206,0.8812115425499824,0.0421745141194382,0.0339815871622389,0.0504187669170898
maize_e2_pcrgbd,base:pointmae_gravity,mean,leaf_twist,test,2250,0.9270644742092086,0.8812115425499824,0.0458529316592262,0.0378305201758381,0.0544662834377914
maize_e2_pc,base:pointmae_gravity,mean,leaf_twist,test,2250,0.9004124631634779,0.8812115425499824,0.0192009206134955,0.0108126208574078,0.0276964126065901
base:maize_4m_gravity,base:pointmae_gravity,mean,leaf_twist,test,2250,0.928957431874548,0.8812115425499824,0.0477458893245656,0.0399185592542682,0.05582449903898
base:maize_e2_pcrgbd_gravity,base:pointmae_gravity,mean,leaf_twist,test,2250,0.9275185100775138,0.8812115425499824,0.0463069675275314,0.0385663476635534,0.0545624938886072
base:maize_e2_pc_gravity,base:pointmae_gravity,mean,leaf_twist,test,2250,0.9310740946349542,0.8812115425499824,0.0498625520849718,0.0424844894558424,0.0574508091379218
maize_4m,base:pointmae_gravity,mean,leaf_curl,val,2250,0.1500966404203577,0.3086840112467616,-0.1585873708264038,-0.1976683653479463,-0.1233631996701041
maize_e2_pcrgbd,base:pointmae_gravity,mean,leaf_curl,val,2250,0.1523524801428218,0.3086840112467616,-0.1563315311039397,-0.1906551932160146,-0.1230018240394668
maize_e2_pc,base:pointmae_gravity,mean,leaf_curl,val,2250,0.241820492743395,0.3086840112467616,-0.0668635185033665,-0.1062025401194257,-0.0261429610254108
base:maize_4m_gravity,base:pointmae_gravity,mean,leaf_curl,val,2250,0.1909210578489553,0.3086840112467616,-0.1177629533978062,-0.1526583211788654,-0.0826680461010803
base:maize_e2_pcrgbd_gravity,base:pointmae_gravity,mean,leaf_curl,val,2250,0.1781714566022324,0.3086840112467616,-0.1305125546445291,-0.1641059653665076,-0.0940094997508152
base:maize_e2_pc_gravity,base:pointmae_gravity,mean,leaf_curl,val,2250,0.2995993479000896,0.3086840112467616,-0.009084663346672,-0.0446644227072183,0.0248223115175175
maize_4m,base:pointmae_gravity,mean,leaf_curl,test,2250,0.1612026531781429,0.3175762367530327,-0.1563735835748897,-0.1885473253713759,-0.1224377546793274
maize_e2_pcrgbd,base:pointmae_gravity,mean,leaf_curl,test,2250,0.1367365947344996,0.3175762367530327,-0.1808396420185331,-0.2163953523546982,-0.1474405384290858
maize_e2_pc,base:pointmae_gravity,mean,leaf_curl,test,2250,0.2170339082360833,0.3175762367530327,-0.1005423285169493,-0.14070375543292,-0.0558523332719356
base:maize_4m_gravity,base:pointmae_gravity,mean,leaf_curl,test,2250,0.2154937099266518,0.3175762367530327,-0.1020825268263808,-0.1329135745044713,-0.0696992153122466
base:maize_e2_pcrgbd_gravity,base:pointmae_gravity,mean,leaf_curl,test,2250,0.1731501651311568,0.3175762367530327,-0.1444260716218758,-0.1796850838677335,-0.1088082261271536
base:maize_e2_pc_gravity,base:pointmae_gravity,mean,leaf_curl,test,2250,0.2897411069022046,0.3175762367530327,-0.027835129850828,-0.0616906097291428,0.0093081499772822
maize_4m,base:pointmae_gravity,mean,leaf_length,val,2250,0.6924744405942235,0.7075028593351368,-0.0150284187409133,-0.0314573376891742,0.0015652835197352
maize_e2_pcrgbd,base:pointmae_gravity,mean,leaf_length,val,2250,0.7211770032995426,0.7075028593351368,0.0136741439644058,-0.0023154544853922,0.0285114079512776
maize_e2_pc,base:pointmae_gravity,mean,leaf_length,val,2250,0.5290672443531195,0.7075028593351368,-0.1784356149820173,-0.2013452718425995,-0.1554886944157532
base:maize_4m_gravity,base:pointmae_gravity,mean,leaf_length,val,2250,0.682051797356906,0.7075028593351368,-0.0254510619782307,-0.0423385021588842,-0.0091217023240698
base:maize_e2_pcrgbd_gravity,base:pointmae_gravity,mean,leaf_length,val,2250,0.7184643703488025,0.7075028593351368,0.0109615110136657,-0.004907309315266,0.0262353130568492
base:maize_e2_pc_gravity,base:pointmae_gravity,mean,leaf_length,val,2250,0.5509566571212359,0.7075028593351368,-0.1565462022139009,-0.1775253144643845,-0.1352056923123081
maize_4m,base:pointmae_gravity,mean,leaf_length,test,2250,0.6807489650584896,0.7132399981795514,-0.0324910331210618,-0.0503376501076978,-0.0157515500813619
maize_e2_pcrgbd,base:pointmae_gravity,mean,leaf_length,test,2250,0.7229394022010132,0.7132399981795514,0.0096994040214617,-0.0057259084174476,0.0248786895656004
maize_e2_pc,base:pointmae_gravity,mean,leaf_length,test,2250,0.5157114366868131,0.7132399981795514,-0.1975285614927383,-0.2225765712961946,-0.1728329604359699
base:maize_4m_gravity,base:pointmae_gravity,mean,leaf_length,test,2250,0.6683779477297129,0.7132399981795514,-0.0448620504498384,-0.0611941365385873,-0.0276028991020772
base:maize_e2_pcrgbd_gravity,base:pointmae_gravity,mean,leaf_length,test,2250,0.7195061729779384,0.7132399981795514,0.0062661747983869,-0.0099235423080731,0.0215573839495112
base:maize_e2_pc_gravity,base:pointmae_gravity,mean,leaf_length,test,2250,0.5369482184616005,0.7132399981795514,-0.1762917797179509,-0.1995836604539992,-0.15364887500217
maize_4m,base:pointmae_gravity,mean,leaf_width,val,2250,0.7718457594076494,0.7346717908626585,0.0371739685449908,0.0232942522880568,0.0505085233587543
maize_e2_pcrgbd,base:pointmae_gravity,mean,leaf_width,val,2250,0.7902351849495497,0.7346717908626585,0.0555633940868911,0.0422858835788869,0.0683521043829855
maize_e2_pc,base:pointmae_gravity,mean,leaf_width,val,2250,0.6379784609316177,0.7346717908626585,-0.0966933299310408,-0.1144643042331961,-0.0799734648594544
base:maize_4m_gravity,base:pointmae_gravity,mean,leaf_width,val,2250,0.7449616083552214,0.7346717908626585,0.0102898174925628,-0.0034772118224208,0.0238062968325883
base:maize_e2_pcrgbd_gravity,base:pointmae_gravity,mean,leaf_width,val,2250,0.7749254578433674,0.7346717908626585,0.0402536669807088,0.025776706419179,0.0536977135149847
base:maize_e2_pc_gravity,base:pointmae_gravity,mean,leaf_width,val,2250,0.6237853638727836,0.7346717908626585,-0.1108864269898749,-0.1287740038059318,-0.0930112542639007
maize_4m,base:pointmae_gravity,mean,leaf_width,test,2250,0.7663939739614496,0.728179418609934,0.0382145553515156,0.0249146881283855,0.0517650915554176
maize_e2_pcrgbd,base:pointmae_gravity,mean,leaf_width,test,2250,0.782930238613818,0.728179418609934,0.054750820003884,0.0415051165779921,0.0684174483902846
maize_e2_pc,base:pointmae_gravity,mean,leaf_width,test,2250,0.6303842608546623,0.728179418609934,-0.0977951577552717,-0.1159893912523944,-0.0808217616648689
base:maize_4m_gravity,base:pointmae_gravity,mean,leaf_width,test,2250,0.7353791915360497,0.728179418609934,0.0071997729261157,-0.0070853281909183,0.0209174117646344
base:maize_e2_pcrgbd_gravity,base:pointmae_gravity,mean,leaf_width,test,2250,0.7624131568427296,0.728179418609934,0.0342337382327956,0.0203323420129653,0.0485768633043333
base:maize_e2_pc_gravity,base:pointmae_gravity,mean,leaf_width,test,2250,0.6128093110905082,0.728179418609934,-0.1153701075194257,-0.1345232734465883,-0.0963908114856471
maize_4m,base:pointmae_gravity,mean,stem_radius,val,2250,0.7574734612714702,0.4978595650849512,0.259613896186519,0.2349969658434432,0.2855243674750147
maize_e2_pcrgbd,base:pointmae_gravity,mean,stem_radius,val,2250,0.7149511008320033,0.4978595650849512,0.2170915357470521,0.1904462618559287,0.2443026409347689
maize_e2_pc,base:pointmae_gravity,mean,stem_radius,val,2250,0.5720426222175714,0.4978595650849512,0.0741830571326201,0.0445078705727588,0.1045564877421139
base:maize_4m_gravity,base:pointmae_gravity,mean,stem_radius,val,2250,0.7154727392699243,0.4978595650849512,0.217613174184973,0.1923644882569806,0.2449056504421459
base:maize_e2_pcrgbd_gravity,base:pointmae_gravity,mean,stem_radius,val,2250,0.7083928850172071,0.4978595650849512,0.2105333199322558,0.1844903776030703,0.2398403599888614
base:maize_e2_pc_gravity,base:pointmae_gravity,mean,stem_radius,val,2250,0.57710732233446,0.4978595650849512,0.0792477572495088,0.0499321045272925,0.1086213485301622
maize_4m,base:pointmae_gravity,mean,stem_radius,test,2250,0.7395895297378787,0.468538166997534,0.2710513627403447,0.2419267698462862,0.2992873837221209
maize_e2_pcrgbd,base:pointmae_gravity,mean,stem_radius,test,2250,0.7001856294714505,0.468538166997534,0.2316474624739164,0.2023809744761147,0.2619235316666881
maize_e2_pc,base:pointmae_gravity,mean,stem_radius,test,2250,0.5388049144329885,0.468538166997534,0.0702667474354544,0.0363715347594407,0.1058730911354608
base:maize_4m_gravity,base:pointmae_gravity,mean,stem_radius,test,2250,0.6878352134316951,0.468538166997534,0.219297046434161,0.1869323934308167,0.249994497798376
base:maize_e2_pcrgbd_gravity,base:pointmae_gravity,mean,stem_radius,test,2250,0.6857317814409247,0.468538166997534,0.2171936144433907,0.1849554246877503,0.2488541816832792
base:maize_e2_pc_gravity,base:pointmae_gravity,mean,stem_radius,test,2250,0.5505042376642213,0.468538166997534,0.0819660706666872,0.0431836524951748,0.1169304481358251
maize_4m,base:pointmae_gravity,mean,tassel_droop,val,2250,-0.046371166375406,0.1832210720237675,-0.2295922383991736,-0.2521155205799422,-0.2064328080511304
maize_e2_pcrgbd,base:pointmae_gravity,mean,tassel_droop,val,2250,-0.0119708754192715,0.1832210720237675,-0.1951919474430391,-0.2176805415723489,-0.1734913027863356
maize_e2_pc,base:pointmae_gravity,mean,tassel_droop,val,2250,-0.1656486425895693,0.1832210720237675,-0.3488697146133369,-0.3719981528591281,-0.3245494727208652
base:maize_4m_gravity,base:pointmae_gravity,mean,tassel_droop,val,2250,-0.0524877704359754,0.1832210720237675,-0.235708842459743,-0.2602434544249173,-0.212110011729402
base:maize_e2_pcrgbd_gravity,base:pointmae_gravity,mean,tassel_droop,val,2250,-0.0281379651842856,0.1832210720237675,-0.2113590372080532,-0.2349332728190992,-0.1892793820652233
base:maize_e2_pc_gravity,base:pointmae_gravity,mean,tassel_droop,val,2250,-0.1375427466718226,0.1832210720237675,-0.3207638186955902,-0.3472763142655482,-0.2945730896841785
maize_4m,base:pointmae_gravity,mean,tassel_droop,test,2250,-0.0854419982778103,0.1580391322863729,-0.2434811305641832,-0.2678246995134634,-0.2202127388884243
maize_e2_pcrgbd,base:pointmae_gravity,mean,tassel_droop,test,2250,-0.0521572630670583,0.1580391322863729,-0.2101963953534312,-0.2335999384410244,-0.1872620109994218
maize_e2_pc,base:pointmae_gravity,mean,tassel_droop,test,2250,-0.1841513694352774,0.1580391322863729,-0.3421905017216503,-0.366537183505744,-0.3169683309777
base:maize_4m_gravity,base:pointmae_gravity,mean,tassel_droop,test,2250,-0.0883493564272257,0.1580391322863729,-0.2463884887135986,-0.2695199978262269,-0.2219761137299403
base:maize_e2_pcrgbd_gravity,base:pointmae_gravity,mean,tassel_droop,test,2250,-0.0624922919771078,0.1580391322863729,-0.2205314242634807,-0.2462084438797323,-0.1974692229281002
base:maize_e2_pc_gravity,base:pointmae_gravity,mean,tassel_droop,test,2250,-0.1449029432843522,0.1580391322863729,-0.3029420755707251,-0.3284565784211195,-0.2761942576148236
base:maize_4m_gravity,maize_4m,mean,height,val,2250,0.5429308923961145,0.5967133702972229,-0.0537824779011084,-0.0705299514892991,-0.0376641906194612
base:maize_4m_gravity,maize_4m,mean,height,test,2250,0.5272272781142179,0.5936492549126804,-0.0664219767984625,-0.0834403063352294,-0.0483904229819154
base:maize_4m_gravity,maize_4m,mean,leaf_angle,val,2250,0.8768209321559257,0.8800760966732575,-0.0032551645173317,-0.0110787546142138,0.0044183952565685
base:maize_4m_gravity,maize_4m,mean,leaf_angle,test,2250,0.8642856222046993,0.8710301502990935,-0.0067445280943941,-0.0144709725281028,0.0016198508976118
base:maize_4m_gravity,maize_4m,mean,leaf_count,val,2250,0.895422698149847,0.9069181165159366,-0.0114954183660895,-0.0168060949530949,-0.0064818543842854
base:maize_4m_gravity,maize_4m,mean,leaf_count,test,2250,0.8877765976969113,0.899083404660346,-0.0113068069634346,-0.0167213741459772,-0.0056024932953249
base:maize_4m_gravity,maize_4m,mean,biomass,val,2250,0.7724762255435278,0.7791862883845085,-0.0067100628409807,-0.0134179815467008,-0.0003098082044929
base:maize_4m_gravity,maize_4m,mean,biomass,test,2250,0.7629340712392905,0.7715412478796718,-0.0086071766403813,-0.0158040978386428,-0.0012209068772051
base:maize_4m_gravity,maize_4m,mean,leaf_droop,val,2250,0.2783186099727526,0.2979557846628385,-0.0196371746900859,-0.0409182950147006,0.0014874689890249
base:maize_4m_gravity,maize_4m,mean,leaf_droop,test,2250,0.2862948914137697,0.3024097382087648,-0.016114846794995,-0.0360971943421118,0.0044955977861458
base:maize_4m_gravity,maize_4m,mean,leaf_twist,val,2250,0.9260409432854873,0.9229050658550936,0.0031358774303935,-0.0016328267596364,0.007640075066247
base:maize_4m_gravity,maize_4m,mean,leaf_twist,test,2250,0.928957431874548,0.9233860566694206,0.0055713752051274,0.0015918608204651,0.0097595838992913
base:maize_4m_gravity,maize_4m,mean,leaf_curl,val,2250,0.1909210578489553,0.1500966404203577,0.0408244174285975,0.0178747406376397,0.0646883101301026
base:maize_4m_gravity,maize_4m,mean,leaf_curl,test,2250,0.2154937099266518,0.1612026531781429,0.0542910567485088,0.0309440483245589,0.0767490718055212
base:maize_4m_gravity,maize_4m,mean,leaf_length,val,2250,0.682051797356906,0.6924744405942235,-0.0104226432373174,-0.0196873409766646,-0.00106643348963
base:maize_4m_gravity,maize_4m,mean,leaf_length,test,2250,0.6683779477297129,0.6807489650584896,-0.0123710173287766,-0.0222005449725034,-0.0020380287025989
base:maize_4m_gravity,maize_4m,mean,leaf_width,val,2250,0.7449616083552214,0.7718457594076494,-0.026884151052428,-0.0349484516266238,-0.0192956535993193
base:maize_4m_gravity,maize_4m,mean,leaf_width,test,2250,0.7353791915360497,0.7663939739614496,-0.0310147824253999,-0.0387137631301991,-0.0226784252445108
base:maize_4m_gravity,maize_4m,mean,stem_radius,val,2250,0.7154727392699243,0.7574734612714702,-0.0420007220015459,-0.0544233789993434,-0.0295460022615021
base:maize_4m_gravity,maize_4m,mean,stem_radius,test,2250,0.6878352134316951,0.7395895297378787,-0.0517543163061836,-0.0653954991957263,-0.0387016510519037
base:maize_4m_gravity,maize_4m,mean,tassel_droop,val,2250,-0.0524877704359754,-0.046371166375406,-0.0061166040605693,-0.0204920197919681,0.0081526346617119
base:maize_4m_gravity,maize_4m,mean,tassel_droop,test,2250,-0.0883493564272257,-0.0854419982778103,-0.0029073581494154,-0.0160726420571552,0.0106488817683104
base:maize_e2_pcrgbd_gravity,maize_e2_pcrgbd,mean,height,val,2250,0.5974621611520015,0.6329914435048509,-0.0355292823528494,-0.0501761614497275,-0.0202957711399892
base:maize_e2_pcrgbd_gravity,maize_e2_pcrgbd,mean,height,test,2250,0.5927296673449796,0.6412987979162019,-0.0485691305712223,-0.063335213642624,-0.0346164462946886
base:maize_e2_pcrgbd_gravity,maize_e2_pcrgbd,mean,leaf_angle,val,2250,0.903253242416105,0.91784286143116,-0.0145896190150548,-0.0211414023796456,-0.0079610496472196
base:maize_e2_pcrgbd_gravity,maize_e2_pcrgbd,mean,leaf_angle,test,2250,0.8967332773751272,0.909026570405868,-0.0122932930307407,-0.01918348410914,-0.0053745461437727
base:maize_e2_pcrgbd_gravity,maize_e2_pcrgbd,mean,leaf_count,val,2250,0.9083890893461106,0.9233333435310436,-0.014944254184933,-0.0198242624282343,-0.0103824222230837
base:maize_e2_pcrgbd_gravity,maize_e2_pcrgbd,mean,leaf_count,test,2250,0.9009376781788834,0.9105578474756604,-0.0096201692967768,-0.0153240619492589,-0.0040154275495301
base:maize_e2_pcrgbd_gravity,maize_e2_pcrgbd,mean,biomass,val,2250,0.7773905529166988,0.7899006454940364,-0.0125100925773375,-0.0191823808078875,-0.0055463447142974
base:maize_e2_pcrgbd_gravity,maize_e2_pcrgbd,mean,biomass,test,2250,0.770309971654377,0.7864526464490598,-0.0161426747946827,-0.0234959153665749,-0.008509707541294
base:maize_e2_pcrgbd_gravity,maize_e2_pcrgbd,mean,leaf_droop,val,2250,0.3105430791882966,0.3372504868027444,-0.0267074076144477,-0.049845081683697,-0.0039874518310657
base:maize_e2_pcrgbd_gravity,maize_e2_pcrgbd,mean,leaf_droop,test,2250,0.3320238016569715,0.3402166922658305,-0.0081928906088589,-0.0299747241683622,0.0135092366959507
base:maize_e2_pcrgbd_gravity,maize_e2_pcrgbd,mean,leaf_twist,val,2250,0.9222108853163958,0.9230820209284328,-0.0008711356120368,-0.0054150880594225,0.00368239397042
base:maize_e2_pcrgbd_gravity,maize_e2_pcrgbd,mean,leaf_twist,test,2250,0.9275185100775138,0.9270644742092086,0.0004540358683052,-0.0036555221943683,0.0043243558608828
base:maize_e2_pcrgbd_gravity,maize_e2_pcrgbd,mean,leaf_curl,val,2250,0.1781714566022324,0.1523524801428218,0.0258189764594105,-0.0020376073613498,0.0534647481917542
base:maize_e2_pcrgbd_gravity,maize_e2_pcrgbd,mean,leaf_curl,test,2250,0.1731501651311568,0.1367365947344996,0.0364135703966572,0.0081963300415609,0.0642386510169156
base:maize_e2_pcrgbd_gravity,maize_e2_pcrgbd,mean,leaf_length,val,2250,0.7184643703488025,0.7211770032995426,-0.00271263295074,-0.0124458210742418,0.0078160887831597
base:maize_e2_pcrgbd_gravity,maize_e2_pcrgbd,mean,leaf_length,test,2250,0.7195061729779384,0.7229394022010132,-0.0034332292230747,-0.0122604155534415,0.0057730163919966
base:maize_e2_pcrgbd_gravity,maize_e2_pcrgbd,mean,leaf_width,val,2250,0.7749254578433674,0.7902351849495497,-0.0153097271061822,-0.0233780019225266,-0.0067418235096065
base:maize_e2_pcrgbd_gravity,maize_e2_pcrgbd,mean,leaf_width,test,2250,0.7624131568427296,0.782930238613818,-0.0205170817710884,-0.0287212763448908,-0.0123408309611234
base:maize_e2_pcrgbd_gravity,maize_e2_pcrgbd,mean,stem_radius,val,2250,0.7083928850172071,0.7149511008320033,-0.0065582158147962,-0.020140132716171,0.0076374834816663
base:maize_e2_pcrgbd_gravity,maize_e2_pcrgbd,mean,stem_radius,test,2250,0.6857317814409247,0.7001856294714505,-0.0144538480305257,-0.0292653509147956,0.0005501239956434
base:maize_e2_pcrgbd_gravity,maize_e2_pcrgbd,mean,tassel_droop,val,2250,-0.0281379651842856,-0.0119708754192715,-0.0161670897650141,-0.0286492259398079,-0.0041638991895054
base:maize_e2_pcrgbd_gravity,maize_e2_pcrgbd,mean,tassel_droop,test,2250,-0.0624922919771078,-0.0521572630670583,-0.0103350289100494,-0.0225230718643818,0.0015794644294409
base:maize_e2_pc_gravity,maize_e2_pc,mean,height,val,2250,0.2761825046522435,0.2426809489865504,0.033501555665693,0.0048057850409219,0.0647269712918365
base:maize_e2_pc_gravity,maize_e2_pc,mean,height,test,2250,0.2678396982763735,0.2445207906455905,0.023318907630783,-0.0049614088319878,0.0526041089682442
base:maize_e2_pc_gravity,maize_e2_pc,mean,leaf_angle,val,2250,0.8342904617383068,0.8310542100580158,0.0032362516802909,-0.0110281546528704,0.0165899440709389
base:maize_e2_pc_gravity,maize_e2_pc,mean,leaf_angle,test,2250,0.8322322469484043,0.8127265668963912,0.019505680052013,0.00604902224106,0.0352200461529367
base:maize_e2_pc_gravity,maize_e2_pc,mean,leaf_count,val,2250,0.7946797439271094,0.7722488250067524,0.0224309189203569,0.0094464865466102,0.0356710643203344
base:maize_e2_pc_gravity,maize_e2_pc,mean,leaf_count,test,2250,0.7800719203809867,0.7606364719326888,0.0194354484482979,0.0051430339654823,0.0341199579766009
base:maize_e2_pc_gravity,maize_e2_pc,mean,biomass,val,2250,0.6863418714335987,0.6765009874826782,0.0098408839509205,-0.0032001443348372,0.0228357481861023
base:maize_e2_pc_gravity,maize_e2_pc,mean,biomass,test,2250,0.6739139052801999,0.6700752423882217,0.0038386628919782,-0.009765041075604,0.0176348667268154
base:maize_e2_pc_gravity,maize_e2_pc,mean,leaf_droop,val,2250,0.1546067972087345,0.1507390749005611,0.0038677223081733,-0.0212779956205386,0.0280782273448092
base:maize_e2_pc_gravity,maize_e2_pc,mean,leaf_droop,test,2250,0.1691192027962513,0.1459159312265293,0.023203271569722,-0.0007644612360665,0.0485805797585148
base:maize_e2_pc_gravity,maize_e2_pc,mean,leaf_twist,val,2250,0.9262451575414816,0.8953585475111511,0.0308866100303305,0.0228260873042112,0.0399687947666045
base:maize_e2_pc_gravity,maize_e2_pc,mean,leaf_twist,test,2250,0.9310740946349542,0.9004124631634779,0.0306616314714762,0.0241475046986048,0.0375840872020429
base:maize_e2_pc_gravity,maize_e2_pc,mean,leaf_curl,val,2250,0.2995993479000896,0.241820492743395,0.0577788551566945,0.0235289803510664,0.0881320916538705
base:maize_e2_pc_gravity,maize_e2_pc,mean,leaf_curl,test,2250,0.2897411069022046,0.2170339082360833,0.0727071986661213,0.0362157103563364,0.1081422589607939
base:maize_e2_pc_gravity,maize_e2_pc,mean,leaf_length,val,2250,0.5509566571212359,0.5290672443531195,0.0218894127681164,0.0035523128082339,0.0395002765285214
base:maize_e2_pc_gravity,maize_e2_pc,mean,leaf_length,test,2250,0.5369482184616005,0.5157114366868131,0.0212367817747873,0.0016271241166598,0.0410891133042093
base:maize_e2_pc_gravity,maize_e2_pc,mean,leaf_width,val,2250,0.6237853638727836,0.6379784609316177,-0.014193097058834,-0.0308254341136861,0.0019485833112595
base:maize_e2_pc_gravity,maize_e2_pc,mean,leaf_width,test,2250,0.6128093110905082,0.6303842608546623,-0.017574949764154,-0.0339600457730617,-0.001247254891736
base:maize_e2_pc_gravity,maize_e2_pc,mean,stem_radius,val,2250,0.57710732233446,0.5720426222175714,0.0050647001168886,-0.0226823122812188,0.0308317112679626
base:maize_e2_pc_gravity,maize_e2_pc,mean,stem_radius,test,2250,0.5505042376642213,0.5388049144329885,0.0116993232312327,-0.0199918430460043,0.0434112637948689
base:maize_e2_pc_gravity,maize_e2_pc,mean,tassel_droop,val,2250,-0.1375427466718226,-0.1656486425895693,0.0281058959177467,0.0116121873318738,0.044650751969403
base:maize_e2_pc_gravity,maize_e2_pc,mean,tassel_droop,test,2250,-0.1449029432843522,-0.1841513694352774,0.0392484261509251,0.0229940943102376,0.0567131953774321
