split,condition,n_plants,mean,std,min,p05,median,max
train,full,10500,1.0,0.0,1.0,1.0,1.0,1.0
train,3view,10500,0.7825367133534156,0.04155709382501888,0.6109119331215062,0.7131376292551465,0.782959384586398,0.953356890459364
train,1view,10500,0.4876087467801299,0.06862103513764256,0.2833100196187108,0.38150708024301433,0.48339343351447306,0.813157185225128
val,full,2250,1.0,0.0,1.0,1.0,1.0,1.0
val,3view,2250,0.7828439639216707,0.053843566712697674,0.583942472935195,0.6963681957441247,0.782611069754803,0.9538822740231427
val,1view,2250,0.4874833034153745,0.08655296308642271,0.26170474735824945,0.35978300104579863,0.48019794336853305,0.856811567842852
test,full,2250,1.0,0.0,1.0,1.0,1.0,1.0
test,3view,2250,0.7840909057299869,0.05131914741912147,0.6217520415738679,0.6979354650600081,0.7844016767610076,0.9317773000482604
test,1view,2250,0.4891411807489642,0.08114087447610815,0.26418991116852464,0.3624315779349143,0.48396670853980595,0.7970815830201194
