run,ckpt,epoch,condition,n,echo_chamfer,echo_pred_to_gt,echo_gt_to_pred,chamfer,chamfer_median,pred_to_gt,gt_to_pred
e2_pc,checkpoints/checkpoint_epoch_600.pth,600,full,2250,0.00011162074,5.582412e-05,5.5796623e-05,0.00494399,0.0045840135,0.0023181636,0.002625826
e2_pc,checkpoints/checkpoint_epoch_600.pth,600,3view,2250,0.00017991781,7.124636e-05,0.00010867144,0.006157036,0.0059043756,0.00250479,0.0036522457
e2_pc,checkpoints/checkpoint_epoch_600.pth,600,1view,2250,0.0040932624,7.678518e-05,0.004016477,0.013288078,0.012097616,0.0029134848,0.010374594
e2_pcrgb,checkpoints/checkpoint_epoch_600.pth,600,full,2250,0.00011162074,5.582412e-05,5.5796623e-05,0.0024202697,0.0022943052,0.0009987662,0.0014215035
e2_pcrgb,checkpoints/checkpoint_epoch_600.pth,600,3view,2250,0.00017991781,7.124636e-05,0.00010867144,0.003586016,0.0034441631,0.0011003045,0.0024857114
e2_pcrgb,checkpoints/checkpoint_epoch_600.pth,600,1view,2250,0.0040932624,7.678518e-05,0.004016477,0.011274018,0.01023351,0.00160319,0.0096708285
e2_pcrgbd,checkpoints/checkpoint_epoch_600.pth,600,full,2250,0.00011162074,5.582412e-05,5.5796623e-05,0.0016538679,0.0015692906,0.00065407093,0.000999797
e2_pcrgbd,checkpoints/checkpoint_epoch_600.pth,600,3view,2250,0.00017991781,7.124636e-05,0.00010867144,0.0029730848,0.002843146,0.0008337722,0.0021393127
e2_pcrgbd,checkpoints/checkpoint_epoch_600.pth,600,1view,2250,0.0040932624,7.678518e-05,0.004016477,0.010987913,0.010042038,0.0016520171,0.009335896
e2_pcrgbdt,checkpoints/checkpoint_epoch_600.pth,600,full,2250,0.00011162074,5.582412e-05,5.5796623e-05,0.0024274047,0.0022878507,0.000985224,0.0014421808
e2_pcrgbdt,checkpoints/checkpoint_epoch_600.pth,600,3view,2250,0.00017991781,7.124636e-05,0.00010867144,0.0036665725,0.0035503963,0.0010940525,0.00257252
e2_pcrgbdt,checkpoints/checkpoint_epoch_600.pth,600,1view,2250,0.0040932624,7.678518e-05,0.004016477,0.011240494,0.010134003,0.0016913718,0.009549123
4m_pretrain_15k_v2_depthfix_qal,checkpoints/checkpoint_epoch_1000.pth,1000,full,2250,0.00011162074,5.582412e-05,5.5796623e-05,0.0013146336,0.0012221544,0.00049728784,0.0008173458
4m_pretrain_15k_v2_depthfix_qal,checkpoints/checkpoint_epoch_1000.pth,1000,3view,2250,0.00017991781,7.124636e-05,0.00010867144,0.0027382986,0.0026042706,0.0007363214,0.0020019773
4m_pretrain_15k_v2_depthfix_qal,checkpoints/checkpoint_epoch_1000.pth,1000,1view,2250,0.0040932624,7.678518e-05,0.004016477,0.010191609,0.009487012,0.0014955094,0.0086961
