run,ckpt,target,split,condition,n,r2,delta_vs_full,delta_lo,delta_hi
e2_pc,checkpoints/checkpoint_epoch_600.pth,height,val,full,2250,0.9029980091758185,0.0,0.0,0.0
e2_pc,checkpoints/checkpoint_epoch_600.pth,height,val,3view,2250,0.8611338659059737,-0.04186414326984478,-0.04955451831085707,-0.03425564325198307
e2_pc,checkpoints/checkpoint_epoch_600.pth,height,val,1view,2250,0.8060427108706274,-0.09695529830519112,-0.10860649690590873,-0.08560944854455194
e2_pc,checkpoints/checkpoint_epoch_600.pth,height,test,full,2250,0.8988357538861953,0.0,0.0,0.0
e2_pc,checkpoints/checkpoint_epoch_600.pth,height,test,3view,2250,0.8570228553458508,-0.041812898540344534,-0.04995162345485017,-0.03375275512525513
e2_pc,checkpoints/checkpoint_epoch_600.pth,height,test,1view,2250,0.8072082137490493,-0.09162754013714602,-0.10359635062276594,-0.08057643733979562
e2_pc,checkpoints/checkpoint_epoch_600.pth,leaf_count,val,full,2250,0.9057429757981786,0.0,0.0,0.0
e2_pc,checkpoints/checkpoint_epoch_600.pth,leaf_count,val,3view,2250,0.8658951589868604,-0.039847816811318215,-0.04758481997358622,-0.03255204683368075
e2_pc,checkpoints/checkpoint_epoch_600.pth,leaf_count,val,1view,2250,0.8079464800195756,-0.09779649577860305,-0.10919545415742812,-0.08712484283467309
e2_pc,checkpoints/checkpoint_epoch_600.pth,leaf_count,test,full,2250,0.9015700545071653,0.0,0.0,0.0
e2_pc,checkpoints/checkpoint_epoch_600.pth,leaf_count,test,3view,2250,0.8620255268860588,-0.039544527621106496,-0.047557011539762356,-0.03112073702251213
e2_pc,checkpoints/checkpoint_epoch_600.pth,leaf_count,test,1view,2250,0.807668807366721,-0.09390124714044434,-0.10449454298007209,-0.08309029123406485
e2_pc,checkpoints/checkpoint_epoch_600.pth,leaf_angle,val,full,2250,0.8212734693395238,0.0,0.0,0.0
e2_pc,checkpoints/checkpoint_epoch_600.pth,leaf_angle,val,3view,2250,0.7794927657746883,-0.04178070356483554,-0.052999445981088675,-0.029944345546707114
e2_pc,checkpoints/checkpoint_epoch_600.pth,leaf_angle,val,1view,2250,0.6910879482730679,-0.13018552106645598,-0.1626949150326376,-0.09989897742173567
e2_pc,checkpoints/checkpoint_epoch_600.pth,leaf_angle,test,full,2250,0.8372769620844471,0.0,0.0,0.0
e2_pc,checkpoints/checkpoint_epoch_600.pth,leaf_angle,test,3view,2250,0.8017564218576764,-0.03552054022677076,-0.04734670528416207,-0.02454663070580406
e2_pc,checkpoints/checkpoint_epoch_600.pth,leaf_angle,test,1view,2250,0.7119674714940609,-0.1253094905903862,-0.1466348829620477,-0.10352578906738533
e2_pc,checkpoints/checkpoint_epoch_600.pth,biomass,val,full,2250,0.9036694531169865,0.0,0.0,0.0
e2_pc,checkpoints/checkpoint_epoch_600.pth,biomass,val,3view,2250,0.8664099160457732,-0.03725953707121332,-0.045244215478218774,-0.029971703333956674
e2_pc,checkpoints/checkpoint_epoch_600.pth,biomass,val,1view,2250,0.8128757787393239,-0.09079367437766261,-0.10166646068836567,-0.07956416641091368
e2_pc,checkpoints/checkpoint_epoch_600.pth,biomass,test,full,2250,0.8992036644207778,0.0,0.0,0.0
e2_pc,checkpoints/checkpoint_epoch_600.pth,biomass,test,3view,2250,0.8630839067984077,-0.036119757622370074,-0.044735809554761405,-0.028073521345210063
e2_pc,checkpoints/checkpoint_epoch_600.pth,biomass,test,1view,2250,0.810255549613505,-0.08894811480727283,-0.10084180218140303,-0.0779703372067877
e2_pc,checkpoints/checkpoint_epoch_600.pth,leaf_angle_roll,val,full,2250,0.4536653869365148,0.0,0.0,0.0
e2_pc,checkpoints/checkpoint_epoch_600.pth,leaf_angle_roll,val,3view,2250,0.434233833727642,-0.019431553208872798,-0.039840066371462285,-0.00016983261045132677
e2_pc,checkpoints/checkpoint_epoch_600.pth,leaf_angle_roll,val,1view,2250,0.353277431730612,-0.10038795520590282,-0.12314790699910792,-0.07817796233260699
e2_pc,checkpoints/checkpoint_epoch_600.pth,leaf_angle_roll,test,full,2250,0.44420873295238195,0.0,0.0,0.0
e2_pc,checkpoints/checkpoint_epoch_600.pth,leaf_angle_roll,test,3view,2250,0.4064250740010309,-0.03778365895135105,-0.05694553244590229,-0.01806881421691469
e2_pc,checkpoints/checkpoint_epoch_600.pth,leaf_angle_roll,test,1view,2250,0.3759110481397159,-0.06829768481266607,-0.09174083201448541,-0.04630881333227724
e2_pc,checkpoints/checkpoint_epoch_600.pth,leaf_len_mean,val,full,2250,0.09585493951797508,0.0,0.0,0.0
e2_pc,checkpoints/checkpoint_epoch_600.pth,leaf_len_mean,val,3view,2250,0.09985802171497704,0.0040030821970019614,-0.006492357624546399,0.014601618498823977
e2_pc,checkpoints/checkpoint_epoch_600.pth,leaf_len_mean,val,1view,2250,0.09807733913513506,0.002222399617159976,-0.012856811978899388,0.015899509571502227
e2_pc,checkpoints/checkpoint_epoch_600.pth,leaf_len_mean,test,full,2250,0.08322700919705406,0.0,0.0,0.0
e2_pc,checkpoints/checkpoint_epoch_600.pth,leaf_len_mean,test,3view,2250,0.09910598273442184,0.01587897353736778,0.0054088946890473,0.026413860754538762
e2_pc,checkpoints/checkpoint_epoch_600.pth,leaf_len_mean,test,1view,2250,0.07951421323391072,-0.003712795963143334,-0.017177012295904258,0.0102129080498386
e2_pcrgb,checkpoints/checkpoint_epoch_600.pth,height,val,full,2250,0.9783361248516076,0.0,0.0,0.0
e2_pcrgb,checkpoints/checkpoint_epoch_600.pth,height,val,3view,2250,0.9691582837538913,-0.009177841097716244,-0.010917667269645609,-0.0076004945514322525
e2_pcrgb,checkpoints/checkpoint_epoch_600.pth,height,val,1view,2250,0.9486418751202914,-0.02969424973131618,-0.03279244017475439,-0.026896518141666572
e2_pcrgb,checkpoints/checkpoint_epoch_600.pth,height,test,full,2250,0.9775371903613701,0.0,0.0,0.0
e2_pcrgb,checkpoints/checkpoint_epoch_600.pth,height,test,3view,2250,0.9683772307557912,-0.009159959605578916,-0.010902036567664369,-0.0074965493301776005
e2_pcrgb,checkpoints/checkpoint_epoch_600.pth,height,test,1view,2250,0.9507766885425674,-0.02676050181880274,-0.030035637908193396,-0.02391950942952213
e2_pcrgb,checkpoints/checkpoint_epoch_600.pth,leaf_count,val,full,2250,0.9830007519697759,0.0,0.0,0.0
e2_pcrgb,checkpoints/checkpoint_epoch_600.pth,leaf_count,val,3view,2250,0.9737906327889602,-0.009210119180815712,-0.01075260182948729,-0.007791780375425656
e2_pcrgb,checkpoints/checkpoint_epoch_600.pth,leaf_count,val,1view,2250,0.9511877916579525,-0.031812960311823346,-0.03503412678341534,-0.0288632279413696
e2_pcrgb,checkpoints/checkpoint_epoch_600.pth,leaf_count,test,full,2250,0.9816749915277655,0.0,0.0,0.0
e2_pcrgb,checkpoints/checkpoint_epoch_600.pth,leaf_count,test,3view,2250,0.9732293672716669,-0.008445624256098627,-0.01001314618372771,-0.006924790173506604
e2_pcrgb,checkpoints/checkpoint_epoch_600.pth,leaf_count,test,1view,2250,0.9497096795408846,-0.03196531198688091,-0.03557952998086731,-0.028845669202049368
e2_pcrgb,checkpoints/checkpoint_epoch_600.pth,leaf_angle,val,full,2250,0.9203012983175034,0.0,0.0,0.0
e2_pcrgb,checkpoints/checkpoint_epoch_600.pth,leaf_angle,val,3view,2250,0.9093937539532018,-0.010907544364301636,-0.016290870837607142,-0.006329179706958817
e2_pcrgb,checkpoints/checkpoint_epoch_600.pth,leaf_angle,val,1view,2250,0.8787209219412795,-0.041580376376223915,-0.05861687999654107,-0.02081148267074308
e2_pcrgb,checkpoints/checkpoint_epoch_600.pth,leaf_angle,test,full,2250,0.935252973757305,0.0,0.0,0.0
e2_pcrgb,checkpoints/checkpoint_epoch_600.pth,leaf_angle,test,3view,2250,0.9231212889178965,-0.012131684839408519,-0.015942582106382108,-0.008750049681984461
e2_pcrgb,checkpoints/checkpoint_epoch_600.pth,leaf_angle,test,1view,2250,0.8854495825793236,-0.04980339117798138,-0.0577619176063405,-0.04213791295665077
e2_pcrgb,checkpoints/checkpoint_epoch_600.pth,biomass,val,full,2250,0.9851628956156967,0.0,0.0,0.0
e2_pcrgb,checkpoints/checkpoint_epoch_600.pth,biomass,val,3view,2250,0.9789422079673028,-0.006220687648393897,-0.007521202764318402,-0.0049934780994144315
e2_pcrgb,checkpoints/checkpoint_epoch_600.pth,biomass,val,1view,2250,0.958954463982899,-0.026208431632797735,-0.029025607889588058,-0.02365997737497242
e2_pcrgb,checkpoints/checkpoint_epoch_600.pth,biomass,test,full,2250,0.9839476629376709,0.0,0.0,0.0
e2_pcrgb,checkpoints/checkpoint_epoch_600.pth,biomass,test,3view,2250,0.9784552791757267,-0.005492383761944164,-0.006790708871396623,-0.004251704168148582
e2_pcrgb,checkpoints/checkpoint_epoch_600.pth,biomass,test,1view,2250,0.9564981483059607,-0.027449514631710192,-0.030502024174778174,-0.024717532098444565
e2_pcrgb,checkpoints/checkpoint_epoch_600.pth,leaf_angle_roll,val,full,2250,0.7970755787705855,0.0,0.0,0.0
e2_pcrgb,checkpoints/checkpoint_epoch_600.pth,leaf_angle_roll,val,3view,2250,0.7911424164773092,-0.0059331622932763395,-0.012386288039926746,0.000406723687994928
e2_pcrgb,checkpoints/checkpoint_epoch_600.pth,leaf_angle_roll,val,1view,2250,0.7650811475856993,-0.03199443118488621,-0.04106762301248694,-0.022580111236575055
e2_pcrgb,checkpoints/checkpoint_epoch_600.pth,leaf_angle_roll,test,full,2250,0.7982613748108758,0.0,0.0,0.0
e2_pcrgb,checkpoints/checkpoint_epoch_600.pth,leaf_angle_roll,test,3view,2250,0.7886936421159738,-0.009567732694901965,-0.016309762488396416,-0.003109808845685103
e2_pcrgb,checkpoints/checkpoint_epoch_600.pth,leaf_angle_roll,test,1view,2250,0.7531789598832959,-0.04508241492757992,-0.054361353583953456,-0.03617405329396385
e2_pcrgb,checkpoints/checkpoint_epoch_600.pth,leaf_len_mean,val,full,2250,0.28940083390031635,0.0,0.0,0.0
e2_pcrgb,checkpoints/checkpoint_epoch_600.pth,leaf_len_mean,val,3view,2250,0.26364979728990545,-0.025751036610410893,-0.03796277706774166,-0.013852668683396751
e2_pcrgb,checkpoints/checkpoint_epoch_600.pth,leaf_len_mean,val,1view,2250,0.24113721971042712,-0.048263614189889226,-0.06317107781895602,-0.03331488701652357
e2_pcrgb,checkpoints/checkpoint_epoch_600.pth,leaf_len_mean,test,full,2250,0.2723608571880436,0.0,0.0,0.0
e2_pcrgb,checkpoints/checkpoint_epoch_600.pth,leaf_len_mean,test,3view,2250,0.25943865651257303,-0.012922200675470563,-0.02489022957898066,-0.00035205161518737384
e2_pcrgb,checkpoints/checkpoint_epoch_600.pth,leaf_len_mean,test,1view,2250,0.24052420980088518,-0.03183664738715841,-0.04714567200315398,-0.016521160101512927
e2_pcrgbd,checkpoints/checkpoint_epoch_600.pth,height,val,full,2250,0.9810583454557,0.0,0.0,0.0
e2_pcrgbd,checkpoints/checkpoint_epoch_600.pth,height,val,3view,2250,0.9750273929113114,-0.006030952544388679,-0.007346881179478626,-0.004776965945673354
e2_pcrgbd,checkpoints/checkpoint_epoch_600.pth,height,val,1view,2250,0.9630597085221826,-0.017998636933517442,-0.020259277453897034,-0.01581474217243107
e2_pcrgbd,checkpoints/checkpoint_epoch_600.pth,height,test,full,2250,0.9795335321330108,0.0,0.0,0.0
e2_pcrgbd,checkpoints/checkpoint_epoch_600.pth,height,test,3view,2250,0.9729208460872185,-0.006612686045792238,-0.008004422226146588,-0.005300886799029998
e2_pcrgbd,checkpoints/checkpoint_epoch_600.pth,height,test,1view,2250,0.9625553597916965,-0.016978172341314268,-0.019334459156879598,-0.014785587605088796
e2_pcrgbd,checkpoints/checkpoint_epoch_600.pth,leaf_count,val,full,2250,0.9843860020359716,0.0,0.0,0.0
e2_pcrgbd,checkpoints/checkpoint_epoch_600.pth,leaf_count,val,3view,2250,0.9790302061307793,-0.0053557959051923065,-0.006590856052410765,-0.004243626256074528
e2_pcrgbd,checkpoints/checkpoint_epoch_600.pth,leaf_count,val,1view,2250,0.9650027644275837,-0.019383237608387893,-0.021573560904029933,-0.01735051478602178
e2_pcrgbd,checkpoints/checkpoint_epoch_600.pth,leaf_count,test,full,2250,0.9821236038854388,0.0,0.0,0.0
e2_pcrgbd,checkpoints/checkpoint_epoch_600.pth,leaf_count,test,3view,2250,0.9763177988180628,-0.005805805067376046,-0.0070349814212724154,-0.004607202760520435
e2_pcrgbd,checkpoints/checkpoint_epoch_600.pth,leaf_count,test,1view,2250,0.9618661881310656,-0.02025741575437323,-0.022647038058391133,-0.018044025851865514
e2_pcrgbd,checkpoints/checkpoint_epoch_600.pth,leaf_angle,val,full,2250,0.9159265072083113,0.0,0.0,0.0
e2_pcrgbd,checkpoints/checkpoint_epoch_600.pth,leaf_angle,val,3view,2250,0.9057235294585063,-0.010202977749804942,-0.015647019922185434,-0.005399166092150101
e2_pcrgbd,checkpoints/checkpoint_epoch_600.pth,leaf_angle,val,1view,2250,0.8823274150266401,-0.03359909218167112,-0.03909413250919787,-0.027693291660156716
e2_pcrgbd,checkpoints/checkpoint_epoch_600.pth,leaf_angle,test,full,2250,0.9370496235939323,0.0,0.0,0.0
e2_pcrgbd,checkpoints/checkpoint_epoch_600.pth,leaf_angle,test,3view,2250,0.9292085755433179,-0.007841048050614363,-0.010834572407458262,-0.0051669217500292354
e2_pcrgbd,checkpoints/checkpoint_epoch_600.pth,leaf_angle,test,1view,2250,0.9040867986360579,-0.03296282495787439,-0.0391860400600042,-0.026964758388249084
e2_pcrgbd,checkpoints/checkpoint_epoch_600.pth,biomass,val,full,2250,0.9855261663156917,0.0,0.0,0.0
e2_pcrgbd,checkpoints/checkpoint_epoch_600.pth,biomass,val,3view,2250,0.9819580127929591,-0.0035681535227325423,-0.004607108763771739,-0.0025310906718853006
e2_pcrgbd,checkpoints/checkpoint_epoch_600.pth,biomass,val,1view,2250,0.9699386150716757,-0.015587551244016007,-0.017474928208477587,-0.013701688806004508
e2_pcrgbd,checkpoints/checkpoint_epoch_600.pth,biomass,test,full,2250,0.9837410578920268,0.0,0.0,0.0
e2_pcrgbd,checkpoints/checkpoint_epoch_600.pth,biomass,test,3view,2250,0.9798906217485767,-0.0038504361434501533,-0.004963030274379765,-0.0026730882122860873
e2_pcrgbd,checkpoints/checkpoint_epoch_600.pth,biomass,test,1view,2250,0.9666151088202289,-0.017125949071797875,-0.019302331052230136,-0.015086766757416424
e2_pcrgbd,checkpoints/checkpoint_epoch_600.pth,leaf_angle_roll,val,full,2250,0.8021455735703937,0.0,0.0,0.0
e2_pcrgbd,checkpoints/checkpoint_epoch_600.pth,leaf_angle_roll,val,3view,2250,0.8074397187484086,0.005294145178014853,-6.03159277614561e-06,0.011198051909516362
e2_pcrgbd,checkpoints/checkpoint_epoch_600.pth,leaf_angle_roll,val,1view,2250,0.778208610835252,-0.023936962735141787,-0.031800094130335244,-0.015735966982172816
e2_pcrgbd,checkpoints/checkpoint_epoch_600.pth,leaf_angle_roll,test,full,2250,0.8099455483003104,0.0,0.0,0.0
e2_pcrgbd,checkpoints/checkpoint_epoch_600.pth,leaf_angle_roll,test,3view,2250,0.8045146909815529,-0.005430857318757476,-0.011566201471478656,8.386865892650374e-05
e2_pcrgbd,checkpoints/checkpoint_epoch_600.pth,leaf_angle_roll,test,1view,2250,0.7730295314818656,-0.03691601681844481,-0.04525499646455149,-0.029076254126024107
e2_pcrgbd,checkpoints/checkpoint_epoch_600.pth,leaf_len_mean,val,full,2250,0.3674066247744566,0.0,0.0,0.0
e2_pcrgbd,checkpoints/checkpoint_epoch_600.pth,leaf_len_mean,val,3view,2250,0.34314507174326125,-0.02426155303119537,-0.03753704474298806,-0.010596927494190504
e2_pcrgbd,checkpoints/checkpoint_epoch_600.pth,leaf_len_mean,val,1view,2250,0.32067782752087504,-0.04672879725358159,-0.062414262999035165,-0.030329763797321607
e2_pcrgbd,checkpoints/checkpoint_epoch_600.pth,leaf_len_mean,test,full,2250,0.3649334492821664,0.0,0.0,0.0
e2_pcrgbd,checkpoints/checkpoint_epoch_600.pth,leaf_len_mean,test,3view,2250,0.32621145520623673,-0.03872199407592969,-0.05247519719028192,-0.02580530771282664
e2_pcrgbd,checkpoints/checkpoint_epoch_600.pth,leaf_len_mean,test,1view,2250,0.309436356819497,-0.05549709246266943,-0.07191296794962772,-0.039192035065335466
e2_pcrgbdt,checkpoints/checkpoint_epoch_600.pth,height,val,full,2250,0.96613894680783,0.0,0.0,0.0
e2_pcrgbdt,checkpoints/checkpoint_epoch_600.pth,height,val,3view,2250,0.9567406431701575,-0.009398303637672467,-0.01143565653177305,-0.007405548111740876
e2_pcrgbdt,checkpoints/checkpoint_epoch_600.pth,height,val,1view,2250,0.9508933994944634,-0.01524554731336658,-0.018134224676458182,-0.012454850103099083
e2_pcrgbdt,checkpoints/checkpoint_epoch_600.pth,height,test,full,2250,0.9647152929368505,0.0,0.0,0.0
e2_pcrgbdt,checkpoints/checkpoint_epoch_600.pth,height,test,3view,2250,0.9563624715337271,-0.008352821403123434,-0.010507212990275938,-0.0062368305736978085
e2_pcrgbdt,checkpoints/checkpoint_epoch_600.pth,height,test,1view,2250,0.9480494449973872,-0.016665847939463352,-0.019794664430561958,-0.013578245423067264
e2_pcrgbdt,checkpoints/checkpoint_epoch_600.pth,leaf_count,val,full,2250,0.9669272566358648,0.0,0.0,0.0
e2_pcrgbdt,checkpoints/checkpoint_epoch_600.pth,leaf_count,val,3view,2250,0.9587129193170206,-0.008214337318844134,-0.010200811428619203,-0.006170734702928879
e2_pcrgbdt,checkpoints/checkpoint_epoch_600.pth,leaf_count,val,1view,2250,0.9515032424134159,-0.015424014222448879,-0.01848153719283225,-0.012532544340725586
e2_pcrgbdt,checkpoints/checkpoint_epoch_600.pth,leaf_count,test,full,2250,0.9649940099525977,0.0,0.0,0.0
e2_pcrgbdt,checkpoints/checkpoint_epoch_600.pth,leaf_count,test,3view,2250,0.9572266920181384,-0.0077673179344592835,-0.009832062993564056,-0.0057451532039879015
e2_pcrgbdt,checkpoints/checkpoint_epoch_600.pth,leaf_count,test,1view,2250,0.9469313164489797,-0.018062693503618,-0.02116808304633376,-0.015064883848853121
e2_pcrgbdt,checkpoints/checkpoint_epoch_600.pth,leaf_angle,val,full,2250,0.9023897784818372,0.0,0.0,0.0
e2_pcrgbdt,checkpoints/checkpoint_epoch_600.pth,leaf_angle,val,3view,2250,0.8864121416560488,-0.015977636825788455,-0.029792046751103387,-0.0039942829656467215
e2_pcrgbdt,checkpoints/checkpoint_epoch_600.pth,leaf_angle,val,1view,2250,0.8238946961664,-0.07849508231543723,-0.11771986481416785,-0.03596257922460105
e2_pcrgbdt,checkpoints/checkpoint_epoch_600.pth,leaf_angle,test,full,2250,0.9061530289349913,0.0,0.0,0.0
e2_pcrgbdt,checkpoints/checkpoint_epoch_600.pth,leaf_angle,test,3view,2250,0.8981678861450897,-0.00798514278990159,-0.014510877901783093,-0.002103665406093201
e2_pcrgbdt,checkpoints/checkpoint_epoch_600.pth,leaf_angle,test,1view,2250,0.8753106116881985,-0.03084241724679282,-0.040865503101201385,-0.01863140173604602
e2_pcrgbdt,checkpoints/checkpoint_epoch_600.pth,biomass,val,full,2250,0.968255026588439,0.0,0.0,0.0
e2_pcrgbdt,checkpoints/checkpoint_epoch_600.pth,biomass,val,3view,2250,0.9614360427301762,-0.006818983858262739,-0.008595565935053905,-0.005119439060824215
e2_pcrgbdt,checkpoints/checkpoint_epoch_600.pth,biomass,val,1view,2250,0.9581282492808971,-0.010126777307541857,-0.012885290485794811,-0.007618140410829137
e2_pcrgbdt,checkpoints/checkpoint_epoch_600.pth,biomass,test,full,2250,0.9668486388464759,0.0,0.0,0.0
e2_pcrgbdt,checkpoints/checkpoint_epoch_600.pth,biomass,test,3view,2250,0.9607204609315823,-0.006128177914893618,-0.008198214317477276,-0.004262173276170002
e2_pcrgbdt,checkpoints/checkpoint_epoch_600.pth,biomass,test,1view,2250,0.9524935634850933,-0.014355075361382585,-0.017303051846217853,-0.011664006559687351
e2_pcrgbdt,checkpoints/checkpoint_epoch_600.pth,leaf_angle_roll,val,full,2250,0.7960705061532888,0.0,0.0,0.0
e2_pcrgbdt,checkpoints/checkpoint_epoch_600.pth,leaf_angle_roll,val,3view,2250,0.7924511000532903,-0.0036194060999984456,-0.009569351431542732,0.0023140280273486135
e2_pcrgbdt,checkpoints/checkpoint_epoch_600.pth,leaf_angle_roll,val,1view,2250,0.768432971166681,-0.027637534986607815,-0.035678284900916166,-0.019115088794965974
e2_pcrgbdt,checkpoints/checkpoint_epoch_600.pth,leaf_angle_roll,test,full,2250,0.7979088123252865,0.0,0.0,0.0
e2_pcrgbdt,checkpoints/checkpoint_epoch_600.pth,leaf_angle_roll,test,3view,2250,0.7912904665913162,-0.006618345733970354,-0.01324980339329434,-0.0003691509220907887
e2_pcrgbdt,checkpoints/checkpoint_epoch_600.pth,leaf_angle_roll,test,1view,2250,0.7587194208366613,-0.039189391488625214,-0.04774549462577817,-0.030884729674973556
e2_pcrgbdt,checkpoints/checkpoint_epoch_600.pth,leaf_len_mean,val,full,2250,0.27862870390909644,0.0,0.0,0.0
e2_pcrgbdt,checkpoints/checkpoint_epoch_600.pth,leaf_len_mean,val,3view,2250,0.26918742288287045,-0.00944128102622599,-0.019910676345435918,0.0005934998397969889
e2_pcrgbdt,checkpoints/checkpoint_epoch_600.pth,leaf_len_mean,val,1view,2250,0.2401919144015613,-0.03843678950753515,-0.05246229951587795,-0.02464589889961673
e2_pcrgbdt,checkpoints/checkpoint_epoch_600.pth,leaf_len_mean,test,full,2250,0.2712986657500651,0.0,0.0,0.0
e2_pcrgbdt,checkpoints/checkpoint_epoch_600.pth,leaf_len_mean,test,3view,2250,0.2674258469258515,-0.003872818824213642,-0.013684120368798947,0.0066347403240187754
e2_pcrgbdt,checkpoints/checkpoint_epoch_600.pth,leaf_len_mean,test,1view,2250,0.2274573361963731,-0.04384132955369202,-0.057968965812351524,-0.0308380433798581
4m_pretrain_15k_v2_depthfix_qal,checkpoints/checkpoint_epoch_1000.pth,height,val,full,2250,0.9832482843268721,0.0,0.0,0.0
4m_pretrain_15k_v2_depthfix_qal,checkpoints/checkpoint_epoch_1000.pth,height,val,3view,2250,0.9777500644210102,-0.005498219905861856,-0.006798449002251852,-0.004273064476890434
4m_pretrain_15k_v2_depthfix_qal,checkpoints/checkpoint_epoch_1000.pth,height,val,1view,2250,0.9656097927494964,-0.017638491577375626,-0.019867380387936933,-0.01561254759400416
4m_pretrain_15k_v2_depthfix_qal,checkpoints/checkpoint_epoch_1000.pth,height,test,full,2250,0.982727269741833,0.0,0.0,0.0
4m_pretrain_15k_v2_depthfix_qal,checkpoints/checkpoint_epoch_1000.pth,height,test,3view,2250,0.9768187310601874,-0.0059085386816456476,-0.007143761220589087,-0.00464288505477366
4m_pretrain_15k_v2_depthfix_qal,checkpoints/checkpoint_epoch_1000.pth,height,test,1view,2250,0.9642528249018398,-0.018474444839993165,-0.020679130274007626,-0.016145580931043235
4m_pretrain_15k_v2_depthfix_qal,checkpoints/checkpoint_epoch_1000.pth,leaf_count,val,full,2250,0.9882183321059231,0.0,0.0,0.0
4m_pretrain_15k_v2_depthfix_qal,checkpoints/checkpoint_epoch_1000.pth,leaf_count,val,3view,2250,0.9831048422232366,-0.005113489882686562,-0.006193192029136388,-0.0040375052223668665
4m_pretrain_15k_v2_depthfix_qal,checkpoints/checkpoint_epoch_1000.pth,leaf_count,val,1view,2250,0.9684489392769059,-0.01976939282901724,-0.021899639129892276,-0.017647022448944713
4m_pretrain_15k_v2_depthfix_qal,checkpoints/checkpoint_epoch_1000.pth,leaf_count,test,full,2250,0.9867390657376343,0.0,0.0,0.0
4m_pretrain_15k_v2_depthfix_qal,checkpoints/checkpoint_epoch_1000.pth,leaf_count,test,3view,2250,0.9819536290255112,-0.004785436712123059,-0.005910567282050944,-0.003791610619524211
4m_pretrain_15k_v2_depthfix_qal,checkpoints/checkpoint_epoch_1000.pth,leaf_count,test,1view,2250,0.9644637962048388,-0.02227526953279546,-0.02483993507095349,-0.020023108824499838
4m_pretrain_15k_v2_depthfix_qal,checkpoints/checkpoint_epoch_1000.pth,leaf_angle,val,full,2250,0.9179869398454791,0.0,0.0,0.0
4m_pretrain_15k_v2_depthfix_qal,checkpoints/checkpoint_epoch_1000.pth,leaf_angle,val,3view,2250,0.9012767042817698,-0.01671023556370932,-0.028388474505909082,-0.005766104311146782
4m_pretrain_15k_v2_depthfix_qal,checkpoints/checkpoint_epoch_1000.pth,leaf_angle,val,1view,2250,0.876763072735716,-0.04122386710976311,-0.05813527549319166,-0.028567896849111728
4m_pretrain_15k_v2_depthfix_qal,checkpoints/checkpoint_epoch_1000.pth,leaf_angle,test,full,2250,0.9421993754364681,0.0,0.0,0.0
4m_pretrain_15k_v2_depthfix_qal,checkpoints/checkpoint_epoch_1000.pth,leaf_angle,test,3view,2250,0.9367274781644238,-0.005471897272044335,-0.007874207911547419,-0.0029764443043729036
4m_pretrain_15k_v2_depthfix_qal,checkpoints/checkpoint_epoch_1000.pth,leaf_angle,test,1view,2250,0.9071708379077963,-0.035028537528671855,-0.04101754517309553,-0.02898806894986133
4m_pretrain_15k_v2_depthfix_qal,checkpoints/checkpoint_epoch_1000.pth,biomass,val,full,2250,0.989793134758058,0.0,0.0,0.0
4m_pretrain_15k_v2_depthfix_qal,checkpoints/checkpoint_epoch_1000.pth,biomass,val,3view,2250,0.9867198220823115,-0.003073312675746509,-0.004041389770525677,-0.002070855089008586
4m_pretrain_15k_v2_depthfix_qal,checkpoints/checkpoint_epoch_1000.pth,biomass,val,1view,2250,0.9729010666218446,-0.016892068136213356,-0.018800778088926644,-0.015099869324167535
4m_pretrain_15k_v2_depthfix_qal,checkpoints/checkpoint_epoch_1000.pth,biomass,test,full,2250,0.9884936353603895,0.0,0.0,0.0
4m_pretrain_15k_v2_depthfix_qal,checkpoints/checkpoint_epoch_1000.pth,biomass,test,3view,2250,0.9862332404932563,-0.002260394867133142,-0.0032160759775640537,-0.0012816495392898562
4m_pretrain_15k_v2_depthfix_qal,checkpoints/checkpoint_epoch_1000.pth,biomass,test,1view,2250,0.9690609218245415,-0.019432713535847967,-0.02182510003989024,-0.01725744978443921
4m_pretrain_15k_v2_depthfix_qal,checkpoints/checkpoint_epoch_1000.pth,leaf_angle_roll,val,full,2250,0.8058750618754236,0.0,0.0,0.0
4m_pretrain_15k_v2_depthfix_qal,checkpoints/checkpoint_epoch_1000.pth,leaf_angle_roll,val,3view,2250,0.7974824806812615,-0.008392581194162085,-0.01580520485576177,-0.0006938368459009146
4m_pretrain_15k_v2_depthfix_qal,checkpoints/checkpoint_epoch_1000.pth,leaf_angle_roll,val,1view,2250,0.7556967579610894,-0.0501783039143342,-0.06081122810549937,-0.03856161814690506
4m_pretrain_15k_v2_depthfix_qal,checkpoints/checkpoint_epoch_1000.pth,leaf_angle_roll,test,full,2250,0.7963856726380045,0.0,0.0,0.0
4m_pretrain_15k_v2_depthfix_qal,checkpoints/checkpoint_epoch_1000.pth,leaf_angle_roll,test,3view,2250,0.7923591062135005,-0.004026566424504052,-0.011501971377451879,0.0035075563025959867
4m_pretrain_15k_v2_depthfix_qal,checkpoints/checkpoint_epoch_1000.pth,leaf_angle_roll,test,1view,2250,0.7394174076766642,-0.05696826496134033,-0.0670300202895944,-0.047486414266638945
4m_pretrain_15k_v2_depthfix_qal,checkpoints/checkpoint_epoch_1000.pth,leaf_len_mean,val,full,2250,0.365018365073871,0.0,0.0,0.0
4m_pretrain_15k_v2_depthfix_qal,checkpoints/checkpoint_epoch_1000.pth,leaf_len_mean,val,3view,2250,0.341906371496156,-0.023111993577714984,-0.03689346818385512,-0.008837364454799683
4m_pretrain_15k_v2_depthfix_qal,checkpoints/checkpoint_epoch_1000.pth,leaf_len_mean,val,1view,2250,0.31096288945498596,-0.05405547561888502,-0.07035241371283084,-0.03744894067086166
4m_pretrain_15k_v2_depthfix_qal,checkpoints/checkpoint_epoch_1000.pth,leaf_len_mean,test,full,2250,0.3562749656084151,0.0,0.0,0.0
4m_pretrain_15k_v2_depthfix_qal,checkpoints/checkpoint_epoch_1000.pth,leaf_len_mean,test,3view,2250,0.32747799913109743,-0.028796966477317665,-0.043272613793003185,-0.01360746988119886
4m_pretrain_15k_v2_depthfix_qal,checkpoints/checkpoint_epoch_1000.pth,leaf_len_mean,test,1view,2250,0.2990240076404199,-0.057250957967995175,-0.07311337427831979,-0.04116081348938698
