run,ckpt,epoch,condition,fit,target,source_col,provenance,unit,alpha,cv_r2,val_r2,val_rmse,val_mae,val_base_mae,test_r2,test_rmse,test_mae,test_base_mae
e2_pc,checkpoints/checkpoint_epoch_600.pth,600,full,matched,height,stem_length,6.4,gen. units,0.1,0.8501700086354704,0.9029980091758185,0.07643649882365734,0.06048918520140967,0.202237677094102,0.8988357538861953,0.07497306018192695,0.059537372261423784,0.19169140003246896
e2_pc,checkpoints/checkpoint_epoch_600.pth,600,3view,matched,height,stem_length,6.4,gen. units,0.1,0.7990625262707887,0.8611338659059737,0.0914552486427959,0.0729503412867103,0.202237677094102,0.8570228553458508,0.08913022912321751,0.07091976189533579,0.19169140003246896
e2_pc,checkpoints/checkpoint_epoch_600.pth,600,1view,matched,height,stem_length,6.4,gen. units,0.1,0.7259672119345507,0.8060427108706274,0.10808452415687655,0.08575915975590861,0.202237677094102,0.8072082137490493,0.10349895781912277,0.08167525277940885,0.19169140003246896
e2_pc,checkpoints/checkpoint_epoch_600.pth,600,full,transfer,height,stem_length,6.4,gen. units,0.1,0.8501700086354704,0.9029980091758185,0.07643649882365734,0.06048918520140967,0.202237677094102,0.8988357538861953,0.07497306018192695,0.059537372261423784,0.19169140003246896
e2_pc,checkpoints/checkpoint_epoch_600.pth,600,3view,transfer,height,stem_length,6.4,gen. units,0.1,0.8501700086354704,0.6408243043580053,0.1470834922596402,0.12021020537367842,0.202237677094102,0.6148409877494204,0.1462890249499787,0.12041303017829083,0.19169140003246896
e2_pc,checkpoints/checkpoint_epoch_600.pth,600,1view,transfer,height,stem_length,6.4,gen. units,0.1,0.8501700086354704,0.6330855048791965,0.14865957836489055,0.11801291173232625,0.202237677094102,0.6330429187596803,0.14279051155999553,0.11261805381652736,0.19169140003246896
e2_pc,checkpoints/checkpoint_epoch_600.pth,600,full,matched,leaf_count,n_leaves,6.4,leaves,0.1,0.8544586172146527,0.9057429757981786,1.4965776686892673,1.1902616831461588,4.0307451428571435,0.9015700545071653,1.47341116766934,1.166171017964681,3.826889396825397
e2_pc,checkpoints/checkpoint_epoch_600.pth,600,3view,matched,leaf_count,n_leaves,6.4,leaves,0.1,0.803111865831934,0.8658951589868604,1.7851085336967025,1.4340053337944878,4.0307451428571435,0.8620255268860588,1.7444547438686502,1.38763832643297,3.826889396825397
e2_pc,checkpoints/checkpoint_epoch_600.pth,600,1view,matched,leaf_count,n_leaves,6.4,leaves,0.1,0.7287814854763316,0.8079464800195756,2.1362571731942137,1.69797544309828,4.0307451428571435,0.807668807366721,2.059610974493333,1.6231019236246744,3.826889396825397
e2_pc,checkpoints/checkpoint_epoch_600.pth,600,full,transfer,leaf_count,n_leaves,6.4,leaves,0.1,0.8544586172146527,0.9057429757981786,1.4965776686892673,1.1902616831461588,4.0307451428571435,0.9015700545071653,1.47341116766934,1.166171017964681,3.826889396825397
e2_pc,checkpoints/checkpoint_epoch_600.pth,600,3view,transfer,leaf_count,n_leaves,6.4,leaves,0.1,0.8544586172146527,0.6412548395946263,2.9196811355306025,2.3940660756429035,4.0307451428571435,0.6211330095387189,2.8907046364339646,2.36921328608195,3.826889396825397
e2_pc,checkpoints/checkpoint_epoch_600.pth,600,1view,transfer,leaf_count,n_leaves,6.4,leaves,0.1,0.8544586172146527,0.6377149286323421,2.9340507233311257,2.3174368951585556,4.0307451428571435,0.6359591552608193,2.833579433405389,2.233225774129232,3.826889396825397
e2_pc,checkpoints/checkpoint_epoch_600.pth,600,full,matched,leaf_angle,branch_mean,6.4,deg,0.1,0.7724558494510856,0.8212734693395238,0.03166837523934075,0.020661131331719044,0.052109371951762885,0.8372769620844471,0.026967445272130068,0.01978253039939287,0.04945280923269705
e2_pc,checkpoints/checkpoint_epoch_600.pth,600,3view,matched,leaf_angle,branch_mean,6.4,deg,0.1,0.7246092860847015,0.7794927657746883,0.035175695302008106,0.02294103185553891,0.052109371951762885,0.8017564218576764,0.029765614178367362,0.021626426367589043,0.04945280923269705
e2_pc,checkpoints/checkpoint_epoch_600.pth,600,1view,matched,leaf_angle,branch_mean,6.4,deg,0.1,0.630317450632026,0.6910879482730679,0.04163405347284183,0.026131241432967134,0.052109371951762885,0.7119674714940609,0.035878646624600344,0.025268817115270965,0.04945280923269705
e2_pc,checkpoints/checkpoint_epoch_600.pth,600,full,transfer,leaf_angle,branch_mean,6.4,deg,0.1,0.7724558494510856,0.8212734693395238,0.03166837523934075,0.020661131331719044,0.052109371951762885,0.8372769620844471,0.026967445272130068,0.01978253039939287,0.04945280923269705
e2_pc,checkpoints/checkpoint_epoch_600.pth,600,3view,transfer,leaf_angle,branch_mean,6.4,deg,0.1,0.7724558494510856,0.6875138898090808,0.04187421018980899,0.03176402665118029,0.052109371951762885,0.6707750121456286,0.03835850561342414,0.031157456663073017,0.04945280923269705
e2_pc,checkpoints/checkpoint_epoch_600.pth,600,1view,transfer,leaf_angle,branch_mean,6.4,deg,0.1,0.7724558494510856,-0.28143834133020307,0.08479692950934899,0.05608382634276177,0.052109371951762885,-0.45052237148033947,0.0805151302655285,0.053078067736711455,0.04945280923269705
e2_pc,checkpoints/checkpoint_epoch_600.pth,600,full,matched,biomass,biomass,6.4,leaves x len,0.1,0.8527793457763512,0.9036694531169865,1.1587420178423662,0.9264948479086763,3.0771276218370383,0.8992036644207778,1.142545069315322,0.9085194427386548,2.921285803946328
e2_pc,checkpoints/checkpoint_epoch_600.pth,600,3view,matched,biomass,biomass,6.4,leaves x len,0.1,0.8038028632611252,0.8664099160457732,1.3645575413195121,1.0901657833181753,3.0771276218370383,0.8630839067984077,1.331613586887647,1.0561549125976555,2.921285803946328
e2_pc,checkpoints/checkpoint_epoch_600.pth,600,1view,matched,biomass,biomass,6.4,leaves x len,0.1,0.7315969599445024,0.8128757787393239,1.614989657902324,1.28717522538527,3.0771276218370383,0.810255549613505,1.5676009206233568,1.2314658705386916,2.921285803946328
e2_pc,checkpoints/checkpoint_epoch_600.pth,600,full,transfer,biomass,biomass,6.4,leaves x len,0.1,0.8527793457763512,0.9036694531169865,1.1587420178423662,0.9264948479086763,3.0771276218370383,0.8992036644207778,1.142545069315322,0.9085194427386548,2.921285803946328
e2_pc,checkpoints/checkpoint_epoch_600.pth,600,3view,transfer,biomass,biomass,6.4,leaves x len,0.1,0.8527793457763512,0.644074114546895,2.2273298100746834,1.829565448763115,3.0771276218370383,0.6260964176245032,2.200547673119332,1.8008001867677628,2.921285803946328
e2_pc,checkpoints/checkpoint_epoch_600.pth,600,1view,transfer,biomass,biomass,6.4,leaves x len,0.1,0.8527793457763512,0.6375669768511452,2.2475979295231725,1.7806112144890294,3.0771276218370383,0.6311911513778345,2.1855041460501607,1.7244236578659498,2.921285803946328
e2_pc,checkpoints/checkpoint_epoch_600.pth,600,full,matched,leaf_angle_roll,roll_mean,alt,deg,0.1,0.3476708892491319,0.4536653869365148,23.057779842388445,18.496837123212114,25.64597842490313,0.44420873295238195,22.771522522748857,18.387568554569437,24.795713835422266
e2_pc,checkpoints/checkpoint_epoch_600.pth,600,3view,matched,leaf_angle_roll,roll_mean,alt,deg,0.1,0.30893735044506915,0.434233833727642,23.464246710820113,18.929111964622383,25.64597842490313,0.4064250740010309,23.53282055012666,18.877071491975016,24.795713835422266
e2_pc,checkpoints/checkpoint_epoch_600.pth,600,1view,matched,leaf_angle_roll,roll_mean,alt,deg,0.1,0.28058159354595086,0.353277431730612,25.086908070679552,20.255821658018824,25.64597842490313,0.3759110481397159,24.13011861708626,19.32868343458067,24.795713835422266
e2_pc,checkpoints/checkpoint_epoch_600.pth,600,full,transfer,leaf_angle_roll,roll_mean,alt,deg,0.1,0.3476708892491319,0.4536653869365148,23.057779842388445,18.496837123212114,25.64597842490313,0.44420873295238195,22.771522522748857,18.387568554569437,24.795713835422266
e2_pc,checkpoints/checkpoint_epoch_600.pth,600,3view,transfer,leaf_angle_roll,roll_mean,alt,deg,0.1,0.3476708892491319,0.421252864844501,23.731902599495918,19.0789267719892,25.64597842490313,0.39268150824781456,23.8036996606638,19.028404901466857,24.795713835422266
e2_pc,checkpoints/checkpoint_epoch_600.pth,600,1view,transfer,leaf_angle_roll,roll_mean,alt,deg,0.1,0.3476708892491319,-0.06163529220943986,32.142215153530174,25.57553053276452,25.64597842490313,-0.05804499503212446,31.418704827205982,24.79716301869877,24.795713835422266
e2_pc,checkpoints/checkpoint_epoch_600.pth,600,full,matched,leaf_len_mean,leaf_len_mean,ind,len,100.0,0.0686656592767241,0.09585515421540913,0.017243891632694016,0.013805280383395761,0.014457622499357229,0.08322686531506351,0.017412578690277628,0.01408582699435082,0.014659046604959682
e2_pc,checkpoints/checkpoint_epoch_600.pth,600,3view,matched,leaf_len_mean,leaf_len_mean,ind,len,10.0,0.07130166123726075,0.09985628013681414,0.01720569449944815,0.013834798146517672,0.014457622499357229,0.09910425638825804,0.017261137835005956,0.01398705103662941,0.014659046604959682
e2_pc,checkpoints/checkpoint_epoch_600.pth,600,1view,matched,leaf_len_mean,leaf_len_mean,ind,len,1.0,0.05951458012323161,0.09809904454922047,0.017222480550766604,0.013759773384597808,0.014457622499357229,0.07947508469647802,0.017448171724325102,0.014143599954040253,0.014659046604959682
e2_pc,checkpoints/checkpoint_epoch_600.pth,600,full,transfer,leaf_len_mean,leaf_len_mean,ind,len,100.0,0.0686656592767241,0.09585515421540913,0.017243891632694016,0.013805280383395761,0.014457622499357229,0.08322686531506351,0.017412578690277628,0.01408582699435082,0.014659046604959682
e2_pc,checkpoints/checkpoint_epoch_600.pth,600,3view,transfer,leaf_len_mean,leaf_len_mean,ind,len,100.0,0.0686656592767241,0.08506627994758875,0.017346469483340468,0.013915744029983267,0.014457622499357229,0.08018994096907828,0.017441395504976233,0.014105704379427493,0.014659046604959682
e2_pc,checkpoints/checkpoint_epoch_600.pth,600,1view,transfer,leaf_len_mean,leaf_len_mean,ind,len,100.0,0.0686656592767241,0.020786797728909012,0.017945472991730885,0.014322684970365478,0.014457622499357229,-0.0038280432679715926,0.018220563960133006,0.014681017649726805,0.014659046604959682
e2_pc,checkpoints/checkpoint_epoch_600.pth,600,full,matched,leaf_len_max,leaf_len_max,ind,len,100.0,0.03977120407093193,0.03425580332682998,0.04368837283438515,0.034836508382151084,0.035655482503278726,0.04657911201009168,0.0446242639488787,0.03605032649704033,0.03691240678923175
e2_pc,checkpoints/checkpoint_epoch_600.pth,600,3view,matched,leaf_len_max,leaf_len_max,ind,len,10.0,0.033399530446381,0.028670421100819632,0.04381452656198928,0.03490664276062352,0.035655482503278726,0.045452782320174245,0.044650614744496754,0.03592603886884,0.03691240678923175
e2_pc,checkpoints/checkpoint_epoch_600.pth,600,1view,matched,leaf_len_max,leaf_len_max,ind,len,10.0,0.02524710835625619,0.02909893747513681,0.04380486078341456,0.03492789031795708,0.035655482503278726,0.039524922138140184,0.0447890431738017,0.03610248365615452,0.03691240678923175
e2_pc,checkpoints/checkpoint_epoch_600.pth,600,full,transfer,leaf_len_max,leaf_len_max,ind,len,100.0,0.03977120407093193,0.03425580332682998,0.04368837283438515,0.034836508382151084,0.035655482503278726,0.04657911201009168,0.0446242639488787,0.03605032649704033,0.03691240678923175
e2_pc,checkpoints/checkpoint_epoch_600.pth,600,3view,transfer,leaf_len_max,leaf_len_max,ind,len,100.0,0.03977120407093193,0.01750330214826812,0.04406566880058257,0.03502773703495809,0.035655482503278726,0.032515549324655946,0.044952177238579354,0.03598918876253533,0.03691240678923175
e2_pc,checkpoints/checkpoint_epoch_600.pth,600,1view,transfer,leaf_len_max,leaf_len_max,ind,len,100.0,0.03977120407093193,0.020175292592652272,0.04400570767881509,0.03557324127576382,0.035655482503278726,0.017248581770954674,0.04530546311551895,0.037093964343451136,0.03691240678923175
e2_pc,checkpoints/checkpoint_epoch_600.pth,600,full,matched,waviness,wav_mean,ind,-,1000.0,-0.0005089991497201352,0.00018498969721814085,0.0008590081429596274,0.0006793887670180767,0.0006799741940323349,-0.0004520271806971454,0.0008328319076782229,0.000658701612453589,0.0006591118176169432
e2_pc,checkpoints/checkpoint_epoch_600.pth,600,3view,matched,waviness,wav_mean,ind,-,10000.0,-0.0018234502086128313,-0.0014305082440291272,0.0008597018541731125,0.0006805812606251455,0.0006799741940323349,0.00026399878819483025,0.0008325338244147603,0.0006588134255219104,0.0006591118176169432
e2_pc,checkpoints/checkpoint_epoch_600.pth,600,1view,matched,waviness,wav_mean,ind,-,1000.0,-0.0009944519295893128,-0.005450101572512356,0.0008614254840868365,0.0006821306552319897,0.0006799741940323349,-0.0007643521665838815,0.0008329618958780806,0.0006592633302891577,0.0006591118176169432
e2_pc,checkpoints/checkpoint_epoch_600.pth,600,full,transfer,waviness,wav_mean,ind,-,1000.0,-0.0005089991497201352,0.00018498969721814085,0.0008590081429596274,0.0006793887670180767,0.0006799741940323349,-0.0004520271806971454,0.0008328319076782229,0.000658701612453589,0.0006591118176169432
e2_pc,checkpoints/checkpoint_epoch_600.pth,600,3view,transfer,waviness,wav_mean,ind,-,1000.0,-0.0005089991497201352,-0.004694304688098061,0.0008611016564334398,0.0006816082599998908,0.0006799741940323349,-0.001098944487998299,0.0008331011291364121,0.0006594708512309309,0.0006591118176169432
e2_pc,checkpoints/checkpoint_epoch_600.pth,600,1view,transfer,waviness,wav_mean,ind,-,1000.0,-0.0005089991497201352,-0.035566702139016915,0.0008742315854876585,0.0006919476786156255,0.0006799741940323349,-0.03167968139158939,0.0008457298514578921,0.0006681981703637418,0.0006591118176169432
e2_pcrgb,checkpoints/checkpoint_epoch_600.pth,600,full,matched,height,stem_length,6.4,gen. units,10.0,0.9685654534733252,0.9783361848214323,0.03612251109277456,0.028598197593675132,0.202237677094102,0.9775371416632435,0.03532842060091659,0.027978957928646745,0.19169140003246896
e2_pcrgb,checkpoints/checkpoint_epoch_600.pth,600,3view,matched,height,stem_length,6.4,gen. units,10.0,0.9561418077440041,0.9691582428806288,0.043100272753006194,0.0338455854044534,0.202237677094102,0.9683772318506444,0.041917141151220215,0.032781373871492825,0.19169140003246896
e2_pcrgb,checkpoints/checkpoint_epoch_600.pth,600,1view,matched,height,stem_length,6.4,gen. units,10.0,0.9269779547311066,0.9486410887833349,0.055618384012627906,0.0439888038424902,0.202237677094102,0.9507766079928573,0.052297084967609826,0.0415914773259255,0.19169140003246896
e2_pcrgb,checkpoints/checkpoint_epoch_600.pth,600,full,transfer,height,stem_length,6.4,gen. units,10.0,0.9685654534733252,0.9783361848214323,0.03612251109277456,0.028598197593675132,0.202237677094102,0.9775371416632435,0.03532842060091659,0.027978957928646745,0.19169140003246896
e2_pcrgb,checkpoints/checkpoint_epoch_600.pth,600,3view,transfer,height,stem_length,6.4,gen. units,10.0,0.9685654534733252,0.7058626525470904,0.133102296272829,0.11815463906980535,0.202237677094102,0.6897315882850756,0.13129872063143572,0.11755310303793805,0.19169140003246896
e2_pcrgb,checkpoints/checkpoint_epoch_600.pth,600,1view,transfer,height,stem_length,6.4,gen. units,10.0,0.9685654534733252,-0.017744590174713304,0.24758815495022005,0.22850906637764629,0.202237677094102,-0.05725680423693369,0.2423717270757485,0.22566155575391664,0.19169140003246896
e2_pcrgb,checkpoints/checkpoint_epoch_600.pth,600,full,matched,leaf_count,n_leaves,6.4,leaves,10.0,0.9734185848403794,0.9830008566848999,0.6355590628581615,0.5070146721733941,4.0307451428571435,0.9816748625081806,0.6357464676923222,0.49719355731540255,3.826889396825397
e2_pcrgb,checkpoints/checkpoint_epoch_600.pth,600,3view,matched,leaf_count,n_leaves,6.4,leaves,10.0,0.9617862528963617,0.9737914018761825,0.7891586007398446,0.6194415927463107,4.0307451428571435,0.9732294481886324,0.7684029023263232,0.604312619527181,3.826889396825397
e2_pcrgb,checkpoints/checkpoint_epoch_600.pth,600,1view,matched,leaf_count,n_leaves,6.4,leaves,10.0,0.9293310340147654,0.951187086333457,1.0769852717530102,0.852727965037028,4.0307451428571435,0.9497092015023253,1.0531848436586746,0.8343748597039117,3.826889396825397
e2_pcrgb,checkpoints/checkpoint_epoch_600.pth,600,full,transfer,leaf_count,n_leaves,6.4,leaves,10.0,0.9734185848403794,0.9830008566848999,0.6355590628581615,0.5070146721733941,4.0307451428571435,0.9816748625081806,0.6357464676923222,0.49719355731540255,3.826889396825397
e2_pcrgb,checkpoints/checkpoint_epoch_600.pth,600,3view,transfer,leaf_count,n_leaves,6.4,leaves,10.0,0.9734185848403794,0.7036161377765928,2.6538090750151606,2.364676700168186,4.0307451428571435,0.6922609997372302,2.6052631954259065,2.3336217850579155,3.826889396825397
e2_pcrgb,checkpoints/checkpoint_epoch_600.pth,600,1view,transfer,leaf_count,n_leaves,6.4,leaves,10.0,0.9734185848403794,-0.06815786364064036,5.038022692773609,4.643412050882975,4.0307451428571435,-0.10090865529168891,4.92760603014246,4.567251552581787,3.826889396825397
e2_pcrgb,checkpoints/checkpoint_epoch_600.pth,600,full,matched,leaf_angle,branch_mean,6.4,deg,100.0,0.889284470625533,0.9203005748730654,0.021147491744794966,0.013526869318627385,0.052109371951762885,0.9352529385383007,0.017010822605774963,0.01322314191687752,0.04945280923269705
e2_pcrgb,checkpoints/checkpoint_epoch_600.pth,600,3view,matched,leaf_angle,branch_mean,6.4,deg,100.0,0.8761481948703189,0.9093933014556895,0.022548176349749913,0.014390344047554158,0.052109371951762885,0.923121158459767,0.01853611432935143,0.014197974974551676,0.04945280923269705
e2_pcrgb,checkpoints/checkpoint_epoch_600.pth,600,1view,matched,leaf_angle,branch_mean,6.4,deg,10.0,0.8331327147809807,0.8787184922981622,0.026087265806337228,0.017188750538000768,0.052109371951762885,0.8854482442799564,0.0226264364019806,0.016769272770316295,0.04945280923269705
e2_pcrgb,checkpoints/checkpoint_epoch_600.pth,600,full,transfer,leaf_angle,branch_mean,6.4,deg,100.0,0.889284470625533,0.9203005748730654,0.021147491744794966,0.013526869318627385,0.052109371951762885,0.9352529385383007,0.017010822605774963,0.01322314191687752,0.04945280923269705
e2_pcrgb,checkpoints/checkpoint_epoch_600.pth,600,3view,transfer,leaf_angle,branch_mean,6.4,deg,100.0,0.889284470625533,0.7298619959755211,0.03893355968927417,0.03335732163341365,0.052109371951762885,0.697757375544753,0.036753029239181015,0.03275220269594644,0.04945280923269705
e2_pcrgb,checkpoints/checkpoint_epoch_600.pth,600,1view,transfer,leaf_angle,branch_mean,6.4,deg,100.0,0.889284470625533,-1.158719638225023,0.1100599701979361,0.10284918845708751,0.052109371951762885,-1.5914129183930772,0.10761767221401156,0.1009939481000201,0.04945280923269705
e2_pcrgb,checkpoints/checkpoint_epoch_600.pth,600,full,matched,biomass,biomass,6.4,leaves x len,10.0,0.9753546240736652,0.9851626431087666,0.4547607919389439,0.35792805138234124,3.0771276218370383,0.9839479181595954,0.4559494028037644,0.35552338937511263,2.921285803946328
e2_pcrgb,checkpoints/checkpoint_epoch_600.pth,600,3view,matched,biomass,biomass,6.4,leaves x len,10.0,0.9671504509216889,0.9789424700410918,0.5417618957910265,0.42302294530121265,3.0771276218370383,0.9784551657802482,0.5282293727112596,0.41140331425176657,2.921285803946328
e2_pcrgb,checkpoints/checkpoint_epoch_600.pth,600,1view,matched,biomass,biomass,6.4,leaves x len,10.0,0.9371871305601219,0.9589537758326238,0.7563822850859645,0.5946033264320657,3.0771276218370383,0.9564975126912869,0.7505990545862836,0.5867222383091265,2.921285803946328
e2_pcrgb,checkpoints/checkpoint_epoch_600.pth,600,full,transfer,biomass,biomass,6.4,leaves x len,10.0,0.9753546240736652,0.9851626431087666,0.4547607919389439,0.35792805138234124,3.0771276218370383,0.9839479181595954,0.4559494028037644,0.35552338937511263,2.921285803946328
e2_pcrgb,checkpoints/checkpoint_epoch_600.pth,600,3view,transfer,biomass,biomass,6.4,leaves x len,10.0,0.9753546240736652,0.763014027910014,1.8174650258786211,1.609303798791467,3.0771276218370383,0.7565937826448409,1.775484160461339,1.578100885389209,2.921285803946328
e2_pcrgb,checkpoints/checkpoint_epoch_600.pth,600,1view,transfer,biomass,biomass,6.4,leaves x len,10.0,0.9753546240736652,0.15196796444366312,3.438039577729361,3.1434693746204614,3.0771276218370383,0.13119746079670835,3.3543742021798097,3.0820512474861173,2.921285803946328
e2_pcrgb,checkpoints/checkpoint_epoch_600.pth,600,full,matched,leaf_angle_roll,roll_mean,alt,deg,10.0,0.7021474098646469,0.7970778760084257,14.052475275121875,11.013752486413795,25.64597842490313,0.7982637424253579,13.719181116113285,10.8941409565245,24.795713835422266
e2_pcrgb,checkpoints/checkpoint_epoch_600.pth,600,3view,matched,leaf_angle_roll,roll_mean,alt,deg,10.0,0.689508303612308,0.7911355662325305,14.256744830320063,11.268583036186348,25.64597842490313,0.7886904384128152,14.040927085689143,11.158323980158887,24.795713835422266
e2_pcrgb,checkpoints/checkpoint_epoch_600.pth,600,1view,matched,leaf_angle_roll,roll_mean,alt,deg,10.0,0.6514037159654917,0.7650811630997987,15.119834974924903,11.971363276403103,25.64597842490313,0.7531778967200151,15.174983725549536,11.997730613430484,24.795713835422266
e2_pcrgb,checkpoints/checkpoint_epoch_600.pth,600,full,transfer,leaf_angle_roll,roll_mean,alt,deg,10.0,0.7021474098646469,0.7970778760084257,14.052475275121875,11.013752486413795,25.64597842490313,0.7982637424253579,13.719181116113285,10.8941409565245,24.795713835422266
e2_pcrgb,checkpoints/checkpoint_epoch_600.pth,600,3view,transfer,leaf_angle_roll,roll_mean,alt,deg,10.0,0.7021474098646469,0.7759308723753771,14.766553451226322,11.672786582761196,25.64597842490313,0.7761892898517195,14.450292637073973,11.493207094375027,24.795713835422266
e2_pcrgb,checkpoints/checkpoint_epoch_600.pth,600,1view,transfer,leaf_angle_roll,roll_mean,alt,deg,10.0,0.7021474098646469,0.6888763435599332,17.400216308739896,13.79935490106665,25.64597842490313,0.657182022170371,17.884137655170203,14.134942110480793,24.795713835422266
e2_pcrgb,checkpoints/checkpoint_epoch_600.pth,600,full,matched,leaf_len_mean,leaf_len_mean,ind,len,100.0,0.2207947864955063,0.2894009234455964,0.015287222930854927,0.012251526178416296,0.014457622499357229,0.2723613392967088,0.015512794376588961,0.0125119429788865,0.014659046604959682
e2_pcrgb,checkpoints/checkpoint_epoch_600.pth,600,3view,matched,leaf_len_mean,leaf_len_mean,ind,len,100.0,0.21115193259070306,0.26365069743323266,0.01556174230686308,0.012516619411599606,0.014457622499357229,0.2594388291345723,0.01564993801219687,0.012661877232510188,0.014659046604959682
e2_pcrgb,checkpoints/checkpoint_epoch_600.pth,600,1view,matched,leaf_len_mean,leaf_len_mean,ind,len,100.0,0.18758826211955865,0.24113749659740913,0.015797844204064843,0.012655776917867676,0.014457622499357229,0.24052442992523182,0.01584853259134305,0.01281116049028574,0.014659046604959682
e2_pcrgb,checkpoints/checkpoint_epoch_600.pth,600,full,transfer,leaf_len_mean,leaf_len_mean,ind,len,100.0,0.2207947864955063,0.2894009234455964,0.015287222930854927,0.012251526178416296,0.014457622499357229,0.2723613392967088,0.015512794376588961,0.0125119429788865,0.014659046604959682
e2_pcrgb,checkpoints/checkpoint_epoch_600.pth,600,3view,transfer,leaf_len_mean,leaf_len_mean,ind,len,100.0,0.2207947864955063,0.13999083160204495,0.016817747203272188,0.013634248995001295,0.014457622499357229,0.1121292011854178,0.01713590474591986,0.013896554667632162,0.014659046604959682
e2_pcrgb,checkpoints/checkpoint_epoch_600.pth,600,1view,transfer,leaf_len_mean,leaf_len_mean,ind,len,100.0,0.2207947864955063,-0.46750858377011406,0.021968813629815866,0.018130477072054743,0.014457622499357229,-0.5074544199384172,0.02232822746237771,0.018459930038422986,0.014659046604959682
e2_pcrgb,checkpoints/checkpoint_epoch_600.pth,600,full,matched,leaf_len_max,leaf_len_max,ind,len,100.0,0.11956826096478626,0.14521813143531437,0.041101953820852966,0.032596296078568315,0.035655482503278726,0.16689370552419536,0.04171372199493612,0.03342332463888807,0.03691240678923175
e2_pcrgb,checkpoints/checkpoint_epoch_600.pth,600,3view,matched,leaf_len_max,leaf_len_max,ind,len,100.0,0.11532048679885373,0.14169838618325792,0.041186489883361994,0.03269673152024272,0.035655482503278726,0.16341793208166167,0.041800647600013265,0.033551321337664995,0.03691240678923175
e2_pcrgb,checkpoints/checkpoint_epoch_600.pth,600,1view,matched,leaf_len_max,leaf_len_max,ind,len,1000.0,0.10765328263865033,0.12234591262553962,0.04164822587544733,0.03310781712653462,0.035655482503278726,0.138436824882872,0.042420159641722084,0.03404019233680779,0.03691240678923175
e2_pcrgb,checkpoints/checkpoint_epoch_600.pth,600,full,transfer,leaf_len_max,leaf_len_max,ind,len,100.0,0.11956826096478626,0.14521813143531437,0.041101953820852966,0.032596296078568315,0.035655482503278726,0.16689370552419536,0.04171372199493612,0.03342332463888807,0.03691240678923175
e2_pcrgb,checkpoints/checkpoint_epoch_600.pth,600,3view,transfer,leaf_len_max,leaf_len_max,ind,len,100.0,0.11956826096478626,0.14124636325280582,0.04119733384952399,0.033266571224809305,0.035655482503278726,0.1537271722833532,0.0420420546954042,0.03433224690425123,0.03691240678923175
e2_pcrgb,checkpoints/checkpoint_epoch_600.pth,600,1view,transfer,leaf_len_max,leaf_len_max,ind,len,100.0,0.11956826096478626,-0.47402484298691316,0.05397432475589405,0.044403003452662765,0.035655482503278726,-0.4329271601233582,0.054706734463295464,0.04550946358173733,0.03691240678923175
e2_pcrgb,checkpoints/checkpoint_epoch_600.pth,600,full,matched,waviness,wav_mean,ind,-,10000.0,-0.0017673238033730997,-0.0018579172028678759,0.000859885294298805,0.0006810797190458853,0.0006799741940323349,-0.005033303051352744,0.0008347365841037891,0.000660968463358461,0.0006591118176169432
e2_pcrgb,checkpoints/checkpoint_epoch_600.pth,600,3view,matched,waviness,wav_mean,ind,-,10000.0,-0.002621709785974491,-0.0023077915041800345,0.0008600783340863803,0.0006809602175686326,0.0006799741940323349,-0.0046580217112921485,0.0008345807234415312,0.0006612001664157418,0.0006591118176169432
e2_pcrgb,checkpoints/checkpoint_epoch_600.pth,600,1view,matched,waviness,wav_mean,ind,-,10000.0,-0.0029345581903910565,-0.0023925343914290575,0.0008601146921698935,0.0006802956721757217,0.0006799741940323349,-0.0047228385468764955,0.0008346076450446497,0.0006609179922900067,0.0006591118176169432
e2_pcrgb,checkpoints/checkpoint_epoch_600.pth,600,full,transfer,waviness,wav_mean,ind,-,10000.0,-0.0017673238033730997,-0.0018579172028678759,0.000859885294298805,0.0006810797190458853,0.0006799741940323349,-0.005033303051352744,0.0008347365841037891,0.000660968463358461,0.0006591118176169432
e2_pcrgb,checkpoints/checkpoint_epoch_600.pth,600,3view,transfer,waviness,wav_mean,ind,-,10000.0,-0.0017673238033730997,-0.0028368360059125575,0.0008603052901624238,0.0006810280026618021,0.0006799741940323349,-0.005412635421788048,0.0008348940976578174,0.0006613527217849736,0.0006591118176169432
e2_pcrgb,checkpoints/checkpoint_epoch_600.pth,600,1view,transfer,waviness,wav_mean,ind,-,10000.0,-0.0017673238033730997,-0.00859619717718485,0.000862772149729469,0.0006831141757794514,0.0006799741940323349,-0.010856624521693226,0.0008371513889269634,0.0006622914986386055,0.0006591118176169432
e2_pcrgbd,checkpoints/checkpoint_epoch_600.pth,600,full,matched,height,stem_length,6.4,gen. units,10.0,0.9716426484422126,0.9810586929538727,0.03377656138737302,0.02652090743474901,0.202237677094102,0.9795335849853186,0.03372194388175986,0.02667099688671051,0.19169140003246896
e2_pcrgbd,checkpoints/checkpoint_epoch_600.pth,600,3view,matched,height,stem_length,6.4,gen. units,10.0,0.962751059932074,0.9750278436604776,0.03878273964523395,0.030389497044729683,0.202237677094102,0.9729215153048861,0.03878858098459942,0.030616775752827518,0.19169140003246896
e2_pcrgbd,checkpoints/checkpoint_epoch_600.pth,600,1view,matched,height,stem_length,6.4,gen. units,10.0,0.9444757013716713,0.9630597039932752,0.04716943212015009,0.037251720825799146,0.202237677094102,0.9625542326037466,0.04561346671327971,0.03621572010084534,0.19169140003246896
e2_pcrgbd,checkpoints/checkpoint_epoch_600.pth,600,full,transfer,height,stem_length,6.4,gen. units,10.0,0.9716426484422126,0.9810586929538727,0.03377656138737302,0.02652090743474901,0.202237677094102,0.9795335849853186,0.03372194388175986,0.02667099688671051,0.19169140003246896
e2_pcrgbd,checkpoints/checkpoint_epoch_600.pth,600,3view,transfer,height,stem_length,6.4,gen. units,10.0,0.9716426484422126,0.7780724653756542,0.11561549860726995,0.10424809606228014,0.202237677094102,0.7635237498706062,0.11462661778067554,0.10382789928631438,0.19169140003246896
e2_pcrgbd,checkpoints/checkpoint_epoch_600.pth,600,1view,transfer,height,stem_length,6.4,gen. units,10.0,0.9716426484422126,0.3493584832972513,0.1979617790057268,0.1839139490273547,0.202237677094102,0.3163109621164264,0.1949041208102057,0.18217521802392622,0.19169140003246896
e2_pcrgbd,checkpoints/checkpoint_epoch_600.pth,600,full,matched,leaf_count,n_leaves,6.4,leaves,10.0,0.9745989432350827,0.9843864137585997,0.609107197749909,0.48083798048231335,4.0307451428571435,0.9821229057466887,0.627926482904197,0.4950354347229004,3.826889396825397
e2_pcrgbd,checkpoints/checkpoint_epoch_600.pth,600,3view,matched,leaf_count,n_leaves,6.4,leaves,10.0,0.9655758898958794,0.9790301371333393,0.7058951427337896,0.5562876904805502,4.0307451428571435,0.9763180783642051,0.7227178891843996,0.5671612468295627,3.826889396825397
e2_pcrgbd,checkpoints/checkpoint_epoch_600.pth,600,1view,matched,leaf_count,n_leaves,6.4,leaves,10.0,0.9448510598089224,0.9650027517594812,0.9119254734952591,0.7202427079942492,4.0307451428571435,0.9618661876008926,0.9170973695745838,0.7239393730163575,3.826889396825397
e2_pcrgbd,checkpoints/checkpoint_epoch_600.pth,600,full,transfer,leaf_count,n_leaves,6.4,leaves,10.0,0.9745989432350827,0.9843864137585997,0.609107197749909,0.48083798048231335,4.0307451428571435,0.9821229057466887,0.627926482904197,0.4950354347229004,3.826889396825397
e2_pcrgbd,checkpoints/checkpoint_epoch_600.pth,600,3view,transfer,leaf_count,n_leaves,6.4,leaves,10.0,0.9745989432350827,0.7754588443287862,2.3098850876101276,2.0947767431471083,4.0307451428571435,0.7652826944341253,2.2752697375041566,2.060008428785536,3.826889396825397
e2_pcrgbd,checkpoints/checkpoint_epoch_600.pth,600,1view,transfer,leaf_count,n_leaves,6.4,leaves,10.0,0.9745989432350827,0.2973430790065873,4.08614771574155,3.7926292432149253,4.0307451428571435,0.2718365479180027,4.007511464932097,3.724756900363498,3.826889396825397
e2_pcrgbd,checkpoints/checkpoint_epoch_600.pth,600,full,matched,leaf_angle,branch_mean,6.4,deg,100.0,0.8884661479344296,0.9159269019765758,0.021719998715442265,0.013534119110829483,0.052109371951762885,0.9370496732495485,0.016773136396074875,0.013076469288853487,0.04945280923269705
e2_pcrgbd,checkpoints/checkpoint_epoch_600.pth,600,3view,matched,leaf_angle,branch_mean,6.4,deg,100.0,0.8793767019185543,0.905723019619163,0.023000331827408484,0.014147053588703764,0.052109371951762885,0.9292084219457655,0.017787138266135635,0.013807689754598963,0.04945280923269705
e2_pcrgbd,checkpoints/checkpoint_epoch_600.pth,600,1view,matched,leaf_angle,branch_mean,6.4,deg,10.0,0.8503199042920888,0.8823262545653432,0.02569632746273267,0.015978731847000712,0.052109371951762885,0.9040869084028081,0.020703998581302074,0.015598651304909582,0.04945280923269705
e2_pcrgbd,checkpoints/checkpoint_epoch_600.pth,600,full,transfer,leaf_angle,branch_mean,6.4,deg,100.0,0.8884661479344296,0.9159269019765758,0.021719998715442265,0.013534119110829483,0.052109371951762885,0.9370496732495485,0.016773136396074875,0.013076469288853487,0.04945280923269705
e2_pcrgbd,checkpoints/checkpoint_epoch_600.pth,600,3view,transfer,leaf_angle,branch_mean,6.4,deg,100.0,0.8884661479344296,0.758303859006339,0.036826981857762765,0.03061192598978697,0.052109371951762885,0.7481720193050254,0.03354804954879639,0.029634041007917434,0.04945280923269705
e2_pcrgbd,checkpoints/checkpoint_epoch_600.pth,600,1view,transfer,leaf_angle,branch_mean,6.4,deg,100.0,0.8884661479344296,-0.1835696170405714,0.08149447638633017,0.07641639918727841,0.052109371951762885,-0.4149607992738116,0.07952203555186652,0.07519385406548723,0.04945280923269705
e2_pcrgbd,checkpoints/checkpoint_epoch_600.pth,600,full,matched,biomass,biomass,6.4,leaves x len,10.0,0.97576770777324,0.9855265972386668,0.44914861661332284,0.353126786932685,3.0771276218370383,0.9837410508527479,0.4588779663263979,0.35825391900541614,2.921285803946328
e2_pcrgbd,checkpoints/checkpoint_epoch_600.pth,600,3view,matched,biomass,biomass,6.4,leaves x len,10.0,0.9693069248058646,0.9819576114639845,0.5014778532144106,0.3904298942839672,3.0771276218370383,0.9798903274638413,0.5103327832918781,0.3958844194032834,2.921285803946328
e2_pcrgbd,checkpoints/checkpoint_epoch_600.pth,600,1view,matched,biomass,biomass,6.4,leaves x len,10.0,0.9503568007473016,0.969938421782764,0.6473074882265893,0.5103042129469328,3.0771276218370383,0.966615392570957,0.6575429192451486,0.5157966478541949,2.921285803946328
e2_pcrgbd,checkpoints/checkpoint_epoch_600.pth,600,full,transfer,biomass,biomass,6.4,leaves x len,10.0,0.97576770777324,0.9855265972386668,0.44914861661332284,0.353126786932685,3.0771276218370383,0.9837410508527479,0.4588779663263979,0.35825391900541614,2.921285803946328
e2_pcrgbd,checkpoints/checkpoint_epoch_600.pth,600,3view,transfer,biomass,biomass,6.4,leaves x len,10.0,0.97576770777324,0.8229492693566025,1.5709183190710156,1.4069890642828304,3.0771276218370383,0.8174120646700949,1.5377545029730342,1.3750720151545293,2.921285803946328
e2_pcrgbd,checkpoints/checkpoint_epoch_600.pth,600,1view,transfer,biomass,biomass,6.4,leaves x len,10.0,0.97576770777324,0.4459466288446138,2.778948787722291,2.557185258484444,3.0771276218370383,0.4306742184376259,2.7153848716893854,2.4989354709734317,2.921285803946328
e2_pcrgbd,checkpoints/checkpoint_epoch_600.pth,600,full,matched,leaf_angle_roll,roll_mean,alt,deg,10.0,0.7141531542090604,0.8021397932414045,13.876098032399042,10.968404803718899,25.64597842490313,0.8099456359129094,13.316041280112877,10.61696489162678,24.795713835422266
e2_pcrgbd,checkpoints/checkpoint_epoch_600.pth,600,3view,matched,leaf_angle_roll,roll_mean,alt,deg,10.0,0.709548526360952,0.8074423021341989,13.688900685560052,10.906540022661622,25.64597842490313,0.8045150425370078,13.504946922330621,10.773976353133126,24.795713835422266
e2_pcrgbd,checkpoints/checkpoint_epoch_600.pth,600,1view,matched,leaf_angle_roll,roll_mean,alt,deg,10.0,0.6721026705986219,0.778208573556281,14.691309469322338,11.664737553241762,25.64597842490313,0.7730291405146577,14.551952240289612,11.638677478529138,24.795713835422266
e2_pcrgbd,checkpoints/checkpoint_epoch_600.pth,600,full,transfer,leaf_angle_roll,roll_mean,alt,deg,10.0,0.7141531542090604,0.8021397932414045,13.876098032399042,10.968404803718899,25.64597842490313,0.8099456359129094,13.316041280112877,10.61696489162678,24.795713835422266
e2_pcrgbd,checkpoints/checkpoint_epoch_600.pth,600,3view,transfer,leaf_angle_roll,roll_mean,alt,deg,10.0,0.7141531542090604,0.7986707521686787,13.99721281221239,11.149378235829532,25.64597842490313,0.7980105527842893,13.727787564438813,10.988493163649345,24.795713835422266
e2_pcrgbd,checkpoints/checkpoint_epoch_600.pth,600,1view,transfer,leaf_angle_roll,roll_mean,alt,deg,10.0,0.7141531542090604,0.7235473486991828,16.402064288662405,12.93063559334927,25.64597842490313,0.7163782805390588,16.266943280996564,12.877192570474875,24.795713835422266
e2_pcrgbd,checkpoints/checkpoint_epoch_600.pth,600,full,matched,leaf_len_mean,leaf_len_mean,ind,len,10.0,0.2726844506793443,0.3673978156164096,0.014423864140456098,0.01152318882818133,0.014457622499357229,0.364933859008307,0.014492444047666156,0.011716745837609692,0.014659046604959682
e2_pcrgbd,checkpoints/checkpoint_epoch_600.pth,600,3view,matched,leaf_len_mean,leaf_len_mean,ind,len,100.0,0.2606919048563624,0.3431440860123539,0.014697766267345659,0.011807754001360233,0.014457622499357229,0.3262110591890949,0.014927741030151563,0.012028817675207436,0.014659046604959682
e2_pcrgbd,checkpoints/checkpoint_epoch_600.pth,600,1view,matched,leaf_len_mean,leaf_len_mean,ind,len,100.0,0.2402126731493536,0.32067816874504784,0.014947001059604798,0.011948131837681297,0.014457622499357229,0.30943628928811207,0.015112420497854162,0.012141124345677936,0.014659046604959682
e2_pcrgbd,checkpoints/checkpoint_epoch_600.pth,600,full,transfer,leaf_len_mean,leaf_len_mean,ind,len,10.0,0.2726844506793443,0.3673978156164096,0.014423864140456098,0.01152318882818133,0.014457622499357229,0.364933859008307,0.014492444047666156,0.011716745837609692,0.014659046604959682
e2_pcrgbd,checkpoints/checkpoint_epoch_600.pth,600,3view,transfer,leaf_len_mean,leaf_len_mean,ind,len,10.0,0.2726844506793443,0.12925343895268437,0.01692240806759117,0.013689952613238804,0.014457622499357229,0.09913463140521195,0.017260846840305617,0.013988076096297767,0.014659046604959682
e2_pcrgbd,checkpoints/checkpoint_epoch_600.pth,600,1view,transfer,leaf_len_mean,leaf_len_mean,ind,len,10.0,0.2726844506793443,-0.377885731906074,0.021287412751773083,0.01767119010934266,0.014457622499357229,-0.4177587179847846,0.021653759865487104,0.017988271553942486,0.014659046604959682
e2_pcrgbd,checkpoints/checkpoint_epoch_600.pth,600,full,matched,leaf_len_max,leaf_len_max,ind,len,100.0,0.13614098730622237,0.1753096636285416,0.04037200041484582,0.03208660078966858,0.035655482503278726,0.19528791248063815,0.040996709163448775,0.032836606971531644,0.03691240678923175
e2_pcrgbd,checkpoints/checkpoint_epoch_600.pth,600,3view,matched,leaf_len_max,leaf_len_max,ind,len,100.0,0.1357396407340794,0.17279431827928382,0.040433521815141815,0.03220509138932414,0.035655482503278726,0.18442948471888632,0.04127237804028361,0.03300400808655077,0.03691240678923175
e2_pcrgbd,checkpoints/checkpoint_epoch_600.pth,600,1view,matched,leaf_len_max,leaf_len_max,ind,len,100.0,0.12562046845860578,0.15413282476179857,0.04088706176133797,0.0325373916950822,0.035655482503278726,0.17106225182743073,0.0416092313417336,0.03327830769171672,0.03691240678923175
e2_pcrgbd,checkpoints/checkpoint_epoch_600.pth,600,full,transfer,leaf_len_max,leaf_len_max,ind,len,100.0,0.13614098730622237,0.1753096636285416,0.04037200041484582,0.03208660078966858,0.035655482503278726,0.19528791248063815,0.040996709163448775,0.032836606971531644,0.03691240678923175
e2_pcrgbd,checkpoints/checkpoint_epoch_600.pth,600,3view,transfer,leaf_len_max,leaf_len_max,ind,len,100.0,0.13614098730622237,0.16771571306365196,0.04055745210499577,0.03290982123725152,0.035655482503278726,0.1725520762447228,0.041571823027649606,0.03405491274884331,0.03691240678923175
e2_pcrgbd,checkpoints/checkpoint_epoch_600.pth,600,1view,transfer,leaf_len_max,leaf_len_max,ind,len,100.0,0.13614098730622237,-0.014623120649342125,0.044780320083231566,0.03697702113404168,0.035655482503278726,-0.014025342279176511,0.046020691390681115,0.03846789410911804,0.03691240678923175
e2_pcrgbd,checkpoints/checkpoint_epoch_600.pth,600,full,matched,waviness,wav_mean,ind,-,10000.0,-0.002066607646852847,0.001999944503785378,0.000858228114093299,0.0006787584496975277,0.0006799741940323349,-0.006582337778397118,0.000835379616580785,0.0006622977799853676,0.0006591118176169432
e2_pcrgbd,checkpoints/checkpoint_epoch_600.pth,600,3view,matched,waviness,wav_mean,ind,-,10000.0,-0.0007716419978744504,0.002520571440491892,0.0008580042288542549,0.0006790661320868306,0.0006799741940323349,-0.008634854246280188,0.0008362308918179535,0.0006626046926164308,0.0006591118176169432
e2_pcrgbd,checkpoints/checkpoint_epoch_600.pth,600,1view,matched,waviness,wav_mean,ind,-,10000.0,-0.0021777680147866407,0.002464145215670843,0.000858028496650396,0.0006787639840864949,0.0006799741940323349,-0.007564519374801737,0.0008357870817234949,0.0006627612520440013,0.0006591118176169432
e2_pcrgbd,checkpoints/checkpoint_epoch_600.pth,600,full,transfer,waviness,wav_mean,ind,-,10000.0,-0.002066607646852847,0.001999944503785378,0.000858228114093299,0.0006787584496975277,0.0006799741940323349,-0.006582337778397118,0.000835379616580785,0.0006622977799853676,0.0006591118176169432
e2_pcrgbd,checkpoints/checkpoint_epoch_600.pth,600,3view,transfer,waviness,wav_mean,ind,-,10000.0,-0.002066607646852847,0.00040018656613716175,0.0008589156929519525,0.0006799276331449248,0.0006799741940323349,-0.007960078273536286,0.0008359511260947708,0.0006623924464558983,0.0006591118176169432
e2_pcrgbd,checkpoints/checkpoint_epoch_600.pth,600,1view,transfer,waviness,wav_mean,ind,-,10000.0,-0.002066607646852847,-0.0005918660035078016,0.0008593418025808719,0.000679938548597644,0.0006799741940323349,-0.009390567275932238,0.0008365441034084534,0.0006621337042977827,0.0006591118176169432
e2_pcrgbdt,checkpoints/checkpoint_epoch_600.pth,600,full,matched,height,stem_length,6.4,gen. units,10.0,0.9459614927394915,0.9661378380303767,0.04516144231785382,0.03562158054206777,0.202237677094102,0.9647164259421013,0.04427698072800756,0.03497170074676123,0.19169140003246896
e2_pcrgbdt,checkpoints/checkpoint_epoch_600.pth,600,3view,matched,height,stem_length,6.4,gen. units,10.0,0.9357665403711379,0.9567397754196941,0.05104519262378517,0.040119513442706874,0.202237677094102,0.9563629998217602,0.049240126140610824,0.03889688819350928,0.19169140003246896
e2_pcrgbdt,checkpoints/checkpoint_epoch_600.pth,600,1view,matched,height,stem_length,6.4,gen. units,1.0,0.9236362007041267,0.9508955229571544,0.054383982471889046,0.04282353782296289,0.202237677094102,0.9480459992259977,0.05372806642164989,0.04262234859482107,0.19169140003246896
e2_pcrgbdt,checkpoints/checkpoint_epoch_600.pth,600,full,transfer,height,stem_length,6.4,gen. units,10.0,0.9459614927394915,0.9661378380303767,0.04516144231785382,0.03562158054206777,0.202237677094102,0.9647164259421013,0.04427698072800756,0.03497170074676123,0.19169140003246896
e2_pcrgbdt,checkpoints/checkpoint_epoch_600.pth,600,3view,transfer,height,stem_length,6.4,gen. units,10.0,0.9459614927394915,0.7854496708835761,0.11367764152633135,0.09874088770617723,0.202237677094102,0.7790778434676778,0.1107927520151823,0.09699008096028923,0.19169140003246896
e2_pcrgbdt,checkpoints/checkpoint_epoch_600.pth,600,1view,transfer,height,stem_length,6.4,gen. units,10.0,0.9459614927394915,0.7642419508264248,0.1191636306579078,0.09886853003213196,0.202237677094102,0.7526995579784395,0.11722065921968637,0.097630927068226,0.19169140003246896
e2_pcrgbdt,checkpoints/checkpoint_epoch_600.pth,600,full,matched,leaf_count,n_leaves,6.4,leaves,10.0,0.9478915682899316,0.9669270352792011,0.886500453559542,0.69809119076199,4.0307451428571435,0.964994576563078,0.878674458949239,0.697627549065484,3.826889396825397
e2_pcrgbdt,checkpoints/checkpoint_epoch_600.pth,600,3view,matched,leaf_count,n_leaves,6.4,leaves,10.0,0.9375317095816857,0.9587113713684428,0.99050717888984,0.7785330590142144,4.0307451428571435,0.9572262060764588,0.9712906796194745,0.7656123907301161,3.826889396825397
e2_pcrgbdt,checkpoints/checkpoint_epoch_600.pth,600,1view,matched,leaf_count,n_leaves,6.4,leaves,10.0,0.9243825373970311,0.9515050355335155,1.073472000230432,0.8411740595499675,4.0307451428571435,0.9469309570545942,1.081884659353975,0.8532287966410319,3.826889396825397
e2_pcrgbdt,checkpoints/checkpoint_epoch_600.pth,600,full,transfer,leaf_count,n_leaves,6.4,leaves,10.0,0.9478915682899316,0.9669270352792011,0.886500453559542,0.69809119076199,4.0307451428571435,0.964994576563078,0.878674458949239,0.697627549065484,3.826889396825397
e2_pcrgbdt,checkpoints/checkpoint_epoch_600.pth,600,3view,transfer,leaf_count,n_leaves,6.4,leaves,10.0,0.9478915682899316,0.7870932063813391,2.2492470424117688,1.9541116392347548,4.0307451428571435,0.7832966098647958,2.1862166006256714,1.8951992937723796,3.826889396825397
e2_pcrgbdt,checkpoints/checkpoint_epoch_600.pth,600,1view,transfer,leaf_count,n_leaves,6.4,leaves,10.0,0.9478915682899316,0.7903774457965117,2.2318314982196643,1.8372088339063857,4.0307451428571435,0.7804616846362226,2.20047023608041,1.803566008673774,3.826889396825397
e2_pcrgbdt,checkpoints/checkpoint_epoch_600.pth,600,full,matched,leaf_angle,branch_mean,6.4,deg,10.0,0.8526347257189568,0.9023902584855109,0.02340334048507515,0.015953318551440946,0.052109371951762885,0.9061586579690715,0.020479171797164315,0.01565517908280019,0.04945280923269705
e2_pcrgbdt,checkpoints/checkpoint_epoch_600.pth,600,3view,matched,leaf_angle,branch_mean,6.4,deg,10.0,0.8440042712231396,0.8864162006441179,0.025245819075306045,0.01645394026542062,0.052109371951762885,0.898164847168294,0.02133359980784006,0.016126879316572945,0.04945280923269705
e2_pcrgbdt,checkpoints/checkpoint_epoch_600.pth,600,1view,matched,leaf_angle,branch_mean,6.4,deg,10.0,0.8084265069030006,0.8238943182065307,0.03143532492569437,0.018629060764408192,0.052109371951762885,0.8753110644615755,0.023606371798702636,0.01771821358340434,0.04945280923269705
e2_pcrgbdt,checkpoints/checkpoint_epoch_600.pth,600,full,transfer,leaf_angle,branch_mean,6.4,deg,10.0,0.8526347257189568,0.9023902584855109,0.02340334048507515,0.015953318551440946,0.052109371951762885,0.9061586579690715,0.020479171797164315,0.01565517908280019,0.04945280923269705
e2_pcrgbdt,checkpoints/checkpoint_epoch_600.pth,600,3view,transfer,leaf_angle,branch_mean,6.4,deg,10.0,0.8526347257189568,0.7643861551651309,0.03636065289410228,0.029520837474151334,0.052109371951762885,0.7315613239963163,0.03463680529520725,0.028913371556742385,0.04945280923269705
e2_pcrgbdt,checkpoints/checkpoint_epoch_600.pth,600,1view,transfer,leaf_angle,branch_mean,6.4,deg,10.0,0.8526347257189568,-0.5344993015064072,0.09279287212664176,0.06629944618787706,0.052109371951762885,-0.875638751313792,0.09155664766535303,0.06519320893228607,0.04945280923269705
e2_pcrgbdt,checkpoints/checkpoint_epoch_600.pth,600,full,matched,biomass,biomass,6.4,leaves x len,10.0,0.9503220611017241,0.9682544388371399,0.6651908195127256,0.5242242164971698,3.0771276218370383,0.9668498590928375,0.6552298255400558,0.5162902982265392,2.921285803946328
e2_pcrgbdt,checkpoints/checkpoint_epoch_600.pth,600,3view,matched,biomass,biomass,6.4,leaves x len,10.0,0.9417542499254493,0.9614349716818011,0.733164739185741,0.5821214138008158,3.0771276218370383,0.9607195174094504,0.7132460512718379,0.5628643539301007,2.921285803946328
e2_pcrgbdt,checkpoints/checkpoint_epoch_600.pth,600,1view,matched,biomass,biomass,6.4,leaves x len,1.0,0.9313986049491716,0.9581304638110277,0.7639304435714965,0.5987871781887827,3.0771276218370383,0.9524970034948788,0.7843528366486271,0.6103577647823554,2.921285803946328
e2_pcrgbdt,checkpoints/checkpoint_epoch_600.pth,600,full,transfer,biomass,biomass,6.4,leaves x len,10.0,0.9503220611017241,0.9682544388371399,0.6651908195127256,0.5242242164971698,3.0771276218370383,0.9668498590928375,0.6552298255400558,0.5162902982265392,2.921285803946328
e2_pcrgbdt,checkpoints/checkpoint_epoch_600.pth,600,3view,transfer,biomass,biomass,6.4,leaves x len,10.0,0.9503220611017241,0.8206975156467994,1.5808763267898576,1.3598831415572616,3.0771276218370383,0.8183582362296828,1.5337650022395148,1.3157452380760308,2.921285803946328
e2_pcrgbdt,checkpoints/checkpoint_epoch_600.pth,600,1view,transfer,biomass,biomass,6.4,leaves x len,10.0,0.9503220611017241,0.8485581920677452,1.452872941107592,1.167027956041152,3.0771276218370383,0.8392271147591086,1.4429702306372452,1.1507435821798935,2.921285803946328
e2_pcrgbdt,checkpoints/checkpoint_epoch_600.pth,600,full,matched,leaf_angle_roll,roll_mean,alt,deg,10.0,0.7025686254944818,0.7960690802586647,14.087361817236093,10.958448617629797,25.64597842490313,0.7979129522672932,13.731103770730252,10.954667155843328,24.795713835422266
e2_pcrgbdt,checkpoints/checkpoint_epoch_600.pth,600,3view,matched,leaf_angle_roll,roll_mean,alt,deg,10.0,0.6972057495722636,0.7924454996077692,14.211967557117937,11.082041094738788,25.64597842490313,0.7912906214838953,13.954272254342639,11.092839971238607,24.795713835422266
e2_pcrgbdt,checkpoints/checkpoint_epoch_600.pth,600,1view,matched,leaf_angle_roll,roll_mean,alt,deg,10.0,0.6566242909951627,0.7684411992772613,15.011316298571419,11.799443596585292,25.64597842490313,0.7587142004280646,15.003828492233929,11.873491221138872,24.795713835422266
e2_pcrgbdt,checkpoints/checkpoint_epoch_600.pth,600,full,transfer,leaf_angle_roll,roll_mean,alt,deg,10.0,0.7025686254944818,0.7960690802586647,14.087361817236093,10.958448617629797,25.64597842490313,0.7979129522672932,13.731103770730252,10.954667155843328,24.795713835422266
e2_pcrgbdt,checkpoints/checkpoint_epoch_600.pth,600,3view,transfer,leaf_angle_roll,roll_mean,alt,deg,10.0,0.7025686254944818,0.7888604792586122,14.334181388084652,11.17941831747962,25.64597842490313,0.7854515724970198,14.148124651000973,11.218959381501566,24.795713835422266
e2_pcrgbdt,checkpoints/checkpoint_epoch_600.pth,600,1view,transfer,leaf_angle_roll,roll_mean,alt,deg,10.0,0.7025686254944818,0.6859521052770845,17.48179701766727,13.597706554606312,25.64597842490313,0.6518696329980737,18.02217338421955,13.913216887859818,24.795713835422266
e2_pcrgbdt,checkpoints/checkpoint_epoch_600.pth,600,full,matched,leaf_len_mean,leaf_len_mean,ind,len,100.0,0.19575807213200125,0.27862920056466967,0.015402653964483119,0.012342649496980742,0.014457622499357229,0.27129996034047055,0.015524104216600687,0.01251165511234867,0.014659046604959682
e2_pcrgbdt,checkpoints/checkpoint_epoch_600.pth,600,3view,matched,leaf_len_mean,leaf_len_mean,ind,len,100.0,0.18696506470365798,0.26918816905959364,0.015503118412900698,0.012454953511639168,0.014457622499357229,0.26742578711169673,0.015565316882314922,0.012533591752232147,0.014659046604959682
e2_pcrgbdt,checkpoints/checkpoint_epoch_600.pth,600,1view,matched,leaf_len_mean,leaf_len_mean,ind,len,100.0,0.18235808261062098,0.24019189583041,0.015807683801364943,0.012693080840715971,0.014457622499357229,0.2274578004176777,0.01598428663676389,0.012851952935473246,0.014659046604959682
e2_pcrgbdt,checkpoints/checkpoint_epoch_600.pth,600,full,transfer,leaf_len_mean,leaf_len_mean,ind,len,100.0,0.19575807213200125,0.27862920056466967,0.015402653964483119,0.012342649496980742,0.014457622499357229,0.27129996034047055,0.015524104216600687,0.01251165511234867,0.014659046604959682
e2_pcrgbdt,checkpoints/checkpoint_epoch_600.pth,600,3view,transfer,leaf_len_mean,leaf_len_mean,ind,len,100.0,0.19575807213200125,0.2254521893007131,0.015960275909272875,0.012864186873558814,0.014457622499357229,0.22255765759089363,0.016034899715186783,0.013044522144848577,0.014659046604959682
e2_pcrgbdt,checkpoints/checkpoint_epoch_600.pth,600,1view,transfer,leaf_len_mean,leaf_len_mean,ind,len,100.0,0.19575807213200125,-0.3085702870391833,0.020745065331617334,0.01695086923828518,0.014457622499357229,-0.298542232986613,0.02072336100075758,0.017155979257720534,0.014659046604959682
e2_pcrgbdt,checkpoints/checkpoint_epoch_600.pth,600,full,matched,leaf_len_max,leaf_len_max,ind,len,100.0,0.10962243204266262,0.13556941568331993,0.04133328078941821,0.0328761065204558,0.035655482503278726,0.14231650171286403,0.042324541462844076,0.033898691488200204,0.03691240678923175
e2_pcrgbdt,checkpoints/checkpoint_epoch_600.pth,600,3view,matched,leaf_len_max,leaf_len_max,ind,len,100.0,0.10207503673919674,0.13999213361321916,0.041227407704292694,0.03282491978553426,0.035655482503278726,0.14647817387638107,0.042221732527454266,0.03386502406281338,0.03691240678923175
e2_pcrgbdt,checkpoints/checkpoint_epoch_600.pth,600,1view,matched,leaf_len_max,leaf_len_max,ind,len,100.0,0.09539653228164653,0.10961299183496176,0.04194925221231445,0.03336207179754442,0.035655482503278726,0.11693832649916469,0.04294615157073947,0.03436281684528266,0.03691240678923175
e2_pcrgbdt,checkpoints/checkpoint_epoch_600.pth,600,full,transfer,leaf_len_max,leaf_len_max,ind,len,100.0,0.10962243204266262,0.13556941568331993,0.04133328078941821,0.0328761065204558,0.035655482503278726,0.14231650171286403,0.042324541462844076,0.033898691488200204,0.03691240678923175
e2_pcrgbdt,checkpoints/checkpoint_epoch_600.pth,600,3view,transfer,leaf_len_max,leaf_len_max,ind,len,100.0,0.10962243204266262,0.1435097162491552,0.0411430076579049,0.03326622528735928,0.035655482503278726,0.13586712996086303,0.0424833736416309,0.03460909949228862,0.03691240678923175
e2_pcrgbdt,checkpoints/checkpoint_epoch_600.pth,600,1view,transfer,leaf_len_max,leaf_len_max,ind,len,100.0,0.10962243204266262,-0.21819110831209043,0.049067341567813894,0.04053195822895318,0.035655482503278726,-0.1994907774073782,0.050052663286279844,0.04191699430414232,0.03691240678923175
e2_pcrgbdt,checkpoints/checkpoint_epoch_600.pth,600,full,matched,waviness,wav_mean,ind,-,10000.0,-0.0023182084880390085,-0.0003847688709339714,0.0008592528670023956,0.0006791149318084349,0.0006799741940323349,-0.004477952509122751,0.0008345059273336478,0.00066110370353208,0.0006591118176169432
e2_pcrgbdt,checkpoints/checkpoint_epoch_600.pth,600,3view,matched,waviness,wav_mean,ind,-,10000.0,-0.003062138685184168,-0.004198578956826404,0.0008608891923462057,0.0006808031524116908,0.0006799741940323349,-0.003924839814201553,0.0008342761366348728,0.0006606927428960838,0.0006591118176169432
e2_pcrgbdt,checkpoints/checkpoint_epoch_600.pth,600,1view,matched,waviness,wav_mean,ind,-,10000.0,-0.0022683896082598574,-0.0023569292886633786,0.00086009941634585,0.0006802564940713546,0.0006799741940323349,-0.006591555563241647,0.0008353834415693882,0.0006616816795811262,0.0006591118176169432
e2_pcrgbdt,checkpoints/checkpoint_epoch_600.pth,600,full,transfer,waviness,wav_mean,ind,-,10000.0,-0.0023182084880390085,-0.0003847688709339714,0.0008592528670023956,0.0006791149318084349,0.0006799741940323349,-0.004477952509122751,0.0008345059273336478,0.00066110370353208,0.0006591118176169432
e2_pcrgbdt,checkpoints/checkpoint_epoch_600.pth,600,3view,transfer,waviness,wav_mean,ind,-,10000.0,-0.0023182084880390085,-0.004543805993290517,0.0008610371594375258,0.0006802160044754128,0.0006799741940323349,-0.0071486572245529345,0.0008356145825545034,0.0006617649649340943,0.0006591118176169432
e2_pcrgbdt,checkpoints/checkpoint_epoch_600.pth,600,1view,transfer,waviness,wav_mean,ind,-,10000.0,-0.0023182084880390085,-0.01593036583402352,0.0008659033606443248,0.0006840086494540505,0.0006799741940323349,-0.02524803048377655,0.0008430895245374467,0.000666840858141619,0.0006591118176169432
4m_pretrain_15k_v2_depthfix_qal,checkpoints/checkpoint_epoch_1000.pth,1000,full,matched,height,stem_length,6.4,gen. units,1.0,0.9766505816886056,0.9832508703161438,0.031761908095110106,0.025170353310768976,0.202237677094102,0.9827282283750374,0.030978483699177897,0.02446045543007385,0.19169140003246896
4m_pretrain_15k_v2_depthfix_qal,checkpoints/checkpoint_epoch_1000.pth,1000,3view,matched,height,stem_length,6.4,gen. units,1.0,0.9688731472695506,0.9777491880934965,0.036608622984407535,0.02882339790893419,0.202237677094102,0.9768171313683596,0.0358901522142735,0.02849009016923767,0.19169140003246896
4m_pretrain_15k_v2_depthfix_qal,checkpoints/checkpoint_epoch_1000.pth,1000,1view,matched,height,stem_length,6.4,gen. units,1.0,0.9457725867678317,0.965607912025383,0.045513447550693066,0.03600491666366675,0.202237677094102,0.9642486844318062,0.04456949639234818,0.03515900209427562,0.19169140003246896
4m_pretrain_15k_v2_depthfix_qal,checkpoints/checkpoint_epoch_1000.pth,1000,full,transfer,height,stem_length,6.4,gen. units,1.0,0.9766505816886056,0.9832508703161438,0.031761908095110106,0.025170353310768976,0.202237677094102,0.9827282283750374,0.030978483699177897,0.02446045543007385,0.19169140003246896
4m_pretrain_15k_v2_depthfix_qal,checkpoints/checkpoint_epoch_1000.pth,1000,3view,transfer,height,stem_length,6.4,gen. units,1.0,0.9766505816886056,0.6897747679463219,0.1366938643404935,0.12489521157779164,0.202237677094102,0.6697967549570583,0.13545105174592897,0.12442200276845225,0.19169140003246896
4m_pretrain_15k_v2_depthfix_qal,checkpoints/checkpoint_epoch_1000.pth,1000,1view,transfer,height,stem_length,6.4,gen. units,1.0,0.9766505816886056,-0.20703315641637188,0.2696311488587045,0.2508660239138302,0.202237677094102,-0.2657681739305937,0.2651971173005155,0.24800751266178886,0.19169140003246896
4m_pretrain_15k_v2_depthfix_qal,checkpoints/checkpoint_epoch_1000.pth,1000,full,matched,leaf_count,n_leaves,6.4,leaves,1.0,0.9815424765529647,0.9882180474328875,0.5291161692382513,0.41660946231418183,4.0307451428571435,0.9867363913421421,0.5408678719626258,0.4194756601121691,3.826889396825397
4m_pretrain_15k_v2_depthfix_qal,checkpoints/checkpoint_epoch_1000.pth,1000,3view,matched,leaf_count,n_leaves,6.4,leaves,1.0,0.974261075869947,0.9831033011614648,0.6336410865869058,0.4903558976915148,4.0307451428571435,0.9819496010034151,0.6309627752962998,0.4934888246324327,3.826889396825397
4m_pretrain_15k_v2_depthfix_qal,checkpoints/checkpoint_epoch_1000.pth,1000,1view,matched,leaf_count,n_leaves,6.4,leaves,1.0,0.9479959868934429,0.9684442464849604,0.8659277866208028,0.6770519760979546,4.0307451428571435,0.9644586666202593,0.8853748748103586,0.6992394744025336,3.826889396825397
4m_pretrain_15k_v2_depthfix_qal,checkpoints/checkpoint_epoch_1000.pth,1000,full,transfer,leaf_count,n_leaves,6.4,leaves,1.0,0.9815424765529647,0.9882180474328875,0.5291161692382513,0.41660946231418183,4.0307451428571435,0.9867363913421421,0.5408678719626258,0.4194756601121691,3.826889396825397
4m_pretrain_15k_v2_depthfix_qal,checkpoints/checkpoint_epoch_1000.pth,1000,3view,transfer,leaf_count,n_leaves,6.4,leaves,1.0,0.9815424765529647,0.7055368813143366,2.6451959679739963,2.4017397299872503,4.0307451428571435,0.6929031319302194,2.6025436880428052,2.3659954600863986,3.826889396825397
4m_pretrain_15k_v2_depthfix_qal,checkpoints/checkpoint_epoch_1000.pth,1000,1view,transfer,leaf_count,n_leaves,6.4,leaves,1.0,0.9815424765529647,-0.23633723884923752,5.4201446084875995,4.980138339148628,4.0307451428571435,-0.2848742726133062,5.32341901506185,4.903424177805583,3.826889396825397
4m_pretrain_15k_v2_depthfix_qal,checkpoints/checkpoint_epoch_1000.pth,1000,full,matched,leaf_angle,branch_mean,6.4,deg,10.0,0.8913794244572228,0.9179862746836399,0.021452333471575265,0.013006504380945116,0.052109371951762885,0.942199532785284,0.016072408378103465,0.012697265677655457,0.04945280923269705
4m_pretrain_15k_v2_depthfix_qal,checkpoints/checkpoint_epoch_1000.pth,1000,3view,matched,leaf_angle,branch_mean,6.4,deg,10.0,0.8848885022778102,0.9012782974190409,0.023536267320030755,0.013789869156229689,0.052109371951762885,0.9367274835486518,0.016816005392286268,0.013141772801019443,0.04945280923269705
4m_pretrain_15k_v2_depthfix_qal,checkpoints/checkpoint_epoch_1000.pth,1000,1view,matched,leaf_angle,branch_mean,6.4,deg,1.0,0.8505659029792053,0.8767625487558423,0.026296783059331693,0.015916388451922066,0.052109371951762885,0.9071601596611593,0.020369598869717755,0.015384345098850064,0.04945280923269705
4m_pretrain_15k_v2_depthfix_qal,checkpoints/checkpoint_epoch_1000.pth,1000,full,transfer,leaf_angle,branch_mean,6.4,deg,10.0,0.8913794244572228,0.9179862746836399,0.021452333471575265,0.013006504380945116,0.052109371951762885,0.942199532785284,0.016072408378103465,0.012697265677655457,0.04945280923269705
4m_pretrain_15k_v2_depthfix_qal,checkpoints/checkpoint_epoch_1000.pth,1000,3view,transfer,leaf_angle,branch_mean,6.4,deg,10.0,0.8913794244572228,0.7103690347476305,0.04031380265407546,0.03414162146137541,0.052109371951762885,0.6975938618605891,0.036762969615132375,0.03307705292194943,0.04945280923269705
4m_pretrain_15k_v2_depthfix_qal,checkpoints/checkpoint_epoch_1000.pth,1000,1view,transfer,leaf_angle,branch_mean,6.4,deg,10.0,0.8913794244572228,-1.0863511744700722,0.10819943052781333,0.10232805894414713,0.052109371951762885,-1.5129570959825775,0.10597607268999089,0.10057909213737845,0.04945280923269705
4m_pretrain_15k_v2_depthfix_qal,checkpoints/checkpoint_epoch_1000.pth,1000,full,matched,biomass,biomass,6.4,leaves x len,1.0,0.9831660510848665,0.9897935123459034,0.37717500070839066,0.2942949841568642,3.0771276218370383,0.9884941299654115,0.38602079483221335,0.3004734498580594,2.921285803946328
4m_pretrain_15k_v2_depthfix_qal,checkpoints/checkpoint_epoch_1000.pth,1000,3view,matched,biomass,biomass,6.4,leaves x len,1.0,0.9786214145174019,0.9867219605927856,0.43020130072729423,0.3301441374388271,3.0771276218370383,0.9862326978412442,0.42225557349447274,0.32246760600707863,2.921285803946328
4m_pretrain_15k_v2_depthfix_qal,checkpoints/checkpoint_epoch_1000.pth,1000,1view,matched,biomass,biomass,6.4,leaves x len,1.0,0.9539112265554035,0.9729011517284589,0.6145824567927863,0.48080797008811077,3.0771276218370383,0.9690568417201049,0.6330431124251766,0.4939065099125293,2.921285803946328
4m_pretrain_15k_v2_depthfix_qal,checkpoints/checkpoint_epoch_1000.pth,1000,full,transfer,biomass,biomass,6.4,leaves x len,1.0,0.9831660510848665,0.9897935123459034,0.37717500070839066,0.2942949841568642,3.0771276218370383,0.9884941299654115,0.38602079483221335,0.3004734498580594,2.921285803946328
4m_pretrain_15k_v2_depthfix_qal,checkpoints/checkpoint_epoch_1000.pth,1000,3view,transfer,biomass,biomass,6.4,leaves x len,1.0,0.9831660510848665,0.7815650042137067,1.7448811533777098,1.569431181178024,3.0771276218370383,0.7741144806538409,1.7103900601813753,1.5406087149497438,2.921285803946328
4m_pretrain_15k_v2_depthfix_qal,checkpoints/checkpoint_epoch_1000.pth,1000,1view,transfer,biomass,biomass,6.4,leaves x len,1.0,0.9831660510848665,0.02333024244178561,3.6895942820718326,3.363722362427046,3.0771276218370383,-0.015697784921670843,3.6268802889956233,3.3115151794223054,2.921285803946328
4m_pretrain_15k_v2_depthfix_qal,checkpoints/checkpoint_epoch_1000.pth,1000,full,matched,leaf_angle_roll,roll_mean,alt,deg,1.0,0.7060661364068708,0.8058900331129493,13.743965232430364,10.925349211828722,25.64597842490313,0.796394305782168,13.782600546996534,10.942578114085222,24.795713835422266
4m_pretrain_15k_v2_depthfix_qal,checkpoints/checkpoint_epoch_1000.pth,1000,3view,matched,leaf_angle_roll,roll_mean,alt,deg,1.0,0.6954261285737809,0.7975003767429302,14.037838441404233,11.175599342439796,25.64597842490313,0.7923964311874137,13.917256037338548,11.053029077162943,24.795713835422266
4m_pretrain_15k_v2_depthfix_qal,checkpoints/checkpoint_epoch_1000.pth,1000,1view,matched,leaf_angle_roll,roll_mean,alt,deg,0.1,0.6370836700149649,0.7558854704461352,15.412920725980255,12.243031998038292,25.64597842490313,0.7394583245140234,15.591030115333519,12.546636611614238,24.795713835422266
4m_pretrain_15k_v2_depthfix_qal,checkpoints/checkpoint_epoch_1000.pth,1000,full,transfer,leaf_angle_roll,roll_mean,alt,deg,1.0,0.7060661364068708,0.8058900331129493,13.743965232430364,10.925349211828722,25.64597842490313,0.796394305782168,13.782600546996534,10.942578114085222,24.795713835422266
4m_pretrain_15k_v2_depthfix_qal,checkpoints/checkpoint_epoch_1000.pth,1000,3view,transfer,leaf_angle_roll,roll_mean,alt,deg,1.0,0.7060661364068708,0.7792179264051486,14.657841934438956,11.678904085776276,25.64597842490313,0.7739397198850738,14.522732576759847,11.579744381902309,24.795713835422266
4m_pretrain_15k_v2_depthfix_qal,checkpoints/checkpoint_epoch_1000.pth,1000,1view,transfer,leaf_angle_roll,roll_mean,alt,deg,1.0,0.7060661364068708,0.7039206004353429,16.974313768184928,13.322730122980856,25.64597842490313,0.6806602618010265,17.260870411525122,13.750217891219677,24.795713835422266
4m_pretrain_15k_v2_depthfix_qal,checkpoints/checkpoint_epoch_1000.pth,1000,full,matched,leaf_len_mean,leaf_len_mean,ind,len,10.0,0.2776361475798296,0.3650137873291637,0.014451017511251964,0.011509674675807095,0.014457622499357229,0.3562756178067379,0.014590901732513564,0.011732447364373481,0.014659046604959682
4m_pretrain_15k_v2_depthfix_qal,checkpoints/checkpoint_epoch_1000.pth,1000,3view,matched,leaf_len_mean,leaf_len_mean,ind,len,10.0,0.26490060732097404,0.34190997525813727,0.014711566980119604,0.01170728365652323,0.014457622499357229,0.3274891361887353,0.014913576462204653,0.011979487758134708,0.014659046604959682
4m_pretrain_15k_v2_depthfix_qal,checkpoints/checkpoint_epoch_1000.pth,1000,1view,matched,leaf_len_mean,leaf_len_mean,ind,len,10.0,0.23308011893535135,0.3109565745685561,0.01505357241520858,0.012031216368944182,0.014457622499357229,0.299006118084053,0.015226120650977002,0.012251498252846884,0.014659046604959682
4m_pretrain_15k_v2_depthfix_qal,checkpoints/checkpoint_epoch_1000.pth,1000,full,transfer,leaf_len_mean,leaf_len_mean,ind,len,10.0,0.2776361475798296,0.3650137873291637,0.014451017511251964,0.011509674675807095,0.014457622499357229,0.3562756178067379,0.014590901732513564,0.011732447364373481,0.014659046604959682
4m_pretrain_15k_v2_depthfix_qal,checkpoints/checkpoint_epoch_1000.pth,1000,3view,transfer,leaf_len_mean,leaf_len_mean,ind,len,10.0,0.2776361475798296,-0.08501050061992022,0.01889005620472763,0.015552354237498182,0.014457622499357229,-0.10778679567715543,0.019140807040268954,0.01573848797107053,0.014659046604959682
4m_pretrain_15k_v2_depthfix_qal,checkpoints/checkpoint_epoch_1000.pth,1000,1view,transfer,leaf_len_mean,leaf_len_mean,ind,len,10.0,0.2776361475798296,-0.6058894458538153,0.022981274034292707,0.01921952851073526,0.014457622499357229,-0.5964451808866804,0.022977837730231872,0.019123224387428535,0.014659046604959682
4m_pretrain_15k_v2_depthfix_qal,checkpoints/checkpoint_epoch_1000.pth,1000,full,matched,leaf_len_max,leaf_len_max,ind,len,100.0,0.12096131414825809,0.14206263451847412,0.041177749539566384,0.03271164086328892,0.035655482503278726,0.15972455859810597,0.04189281750650457,0.033495025002219236,0.03691240678923175
4m_pretrain_15k_v2_depthfix_qal,checkpoints/checkpoint_epoch_1000.pth,1000,3view,matched,leaf_len_max,leaf_len_max,ind,len,100.0,0.11865781227929321,0.1409251035457738,0.04120503908957239,0.032648338588048366,0.035655482503278726,0.15824105385702303,0.04192978204449112,0.033576128484056805,0.03691240678923175
4m_pretrain_15k_v2_depthfix_qal,checkpoints/checkpoint_epoch_1000.pth,1000,1view,matched,leaf_len_max,leaf_len_max,ind,len,100.0,0.11021045329572876,0.128217753294684,0.041508670804611625,0.033011882471203007,0.035655482503278726,0.1421709773076546,0.042328131943769866,0.03375472315101081,0.03691240678923175
4m_pretrain_15k_v2_depthfix_qal,checkpoints/checkpoint_epoch_1000.pth,1000,full,transfer,leaf_len_max,leaf_len_max,ind,len,100.0,0.12096131414825809,0.14206263451847412,0.041177749539566384,0.03271164086328892,0.035655482503278726,0.15972455859810597,0.04189281750650457,0.033495025002219236,0.03691240678923175
4m_pretrain_15k_v2_depthfix_qal,checkpoints/checkpoint_epoch_1000.pth,1000,3view,transfer,leaf_len_max,leaf_len_max,ind,len,100.0,0.12096131414825809,0.10741072258640261,0.042001098484122756,0.03419959657010417,0.035655482503278726,0.11141928337529017,0.04308014701084621,0.035465360403030666,0.03691240678923175
4m_pretrain_15k_v2_depthfix_qal,checkpoints/checkpoint_epoch_1000.pth,1000,1view,transfer,leaf_len_max,leaf_len_max,ind,len,100.0,0.12096131414825809,-0.08587218287318188,0.04632593251263554,0.03771712607337579,0.035655482503278726,-0.08484614750746622,0.04760064198737274,0.039344972684612435,0.03691240678923175
4m_pretrain_15k_v2_depthfix_qal,checkpoints/checkpoint_epoch_1000.pth,1000,full,matched,waviness,wav_mean,ind,-,1000.0,0.013736267971804494,0.022569935809737207,0.0008493375029477156,0.0006731916545735551,0.0006799741940323349,0.001007689942316592,0.000832224111036954,0.0006596632743303062,0.0006591118176169432
4m_pretrain_15k_v2_depthfix_qal,checkpoints/checkpoint_epoch_1000.pth,1000,3view,matched,waviness,wav_mean,ind,-,1000.0,0.013275685984901208,0.02154908511404907,0.0008497809211214069,0.0006738022745773622,0.0006799741940323349,0.011037463031744243,0.0008280358527621165,0.0006563956559693825,0.0006591118176169432
4m_pretrain_15k_v2_depthfix_qal,checkpoints/checkpoint_epoch_1000.pth,1000,1view,matched,waviness,wav_mean,ind,-,1000.0,0.007479712762962576,0.012951751413345702,0.0008535061318719113,0.000676618316224925,0.0006799741940323349,0.007101977548990557,0.0008296817632204782,0.0006586152048262047,0.0006591118176169432
4m_pretrain_15k_v2_depthfix_qal,checkpoints/checkpoint_epoch_1000.pth,1000,full,transfer,waviness,wav_mean,ind,-,1000.0,0.013736267971804494,0.022569935809737207,0.0008493375029477156,0.0006731916545735551,0.0006799741940323349,0.001007689942316592,0.000832224111036954,0.0006596632743303062,0.0006591118176169432
4m_pretrain_15k_v2_depthfix_qal,checkpoints/checkpoint_epoch_1000.pth,1000,3view,transfer,waviness,wav_mean,ind,-,1000.0,0.013736267971804494,0.011850095152126539,0.0008539823032040077,0.000676765047451835,0.0006799741940323349,-0.0024655134844115967,0.0008336695554222495,0.0006600535151078033,0.0006591118176169432
4m_pretrain_15k_v2_depthfix_qal,checkpoints/checkpoint_epoch_1000.pth,1000,1view,transfer,waviness,wav_mean,ind,-,1000.0,0.013736267971804494,-0.08245030988072233,0.0008938022405713747,0.0007078459737262227,0.0006799741940323349,-0.10032809133469622,0.0008734143473001355,0.000690773900452637,0.0006591118176169432
