run,model_size,epoch,feature,dim,target,source_col,provenance,unit,alpha,cv_r2,train_r2,train_rmse,train_mae,train_base_mae,val_r2,val_rmse,val_mae,val_base_mae,test_r2,test_rmse,test_mae,test_base_mae
maize_e2_pc,base,600,cls,768,height,stem_internodeSum,6.4,gen. units,1.0,0.25694134382098566,0.33859992646304315,0.07770195250090564,0.062352708950655984,0.07674166827357823,0.18387039091480195,0.10700967824935281,0.08628032909866164,0.09527732244173545,0.19749725656313977,0.10452723269407693,0.08415576870079888,0.09393343214560847
maize_e2_pc,base,600,cls,768,leaf_angle,leaf_angleMean,6.4,deg,0.1,0.794587362171518,0.8282131471069211,3.9171450800553194,3.0752301012495526,7.602045536589007,0.8100603087416213,5.213136710693023,4.007568456679172,9.62832856205816,0.7843597238987464,5.401501000261223,4.137417045694391,9.294268180142222
maize_e2_pc,base,600,cls,768,leaf_count,leaf_count,6.4,leaves,0.1,0.6144170593654371,0.6756681958739892,1.2834069249117919,1.0192477975118728,1.834986303854875,0.7123204366818259,1.7082827509849998,1.3483699298434788,2.623488253968254,0.7011939358488968,1.7177978962904148,1.363442490471734,2.6187949206349206
maize_e2_pc,base,600,cls,768,biomass,leaf_areaProxy,6.4,len^2,1.0,0.5712517827578285,0.6210526770748275,0.0347183706367776,0.02756807718021997,0.045948249103038546,0.637352743237485,0.054019983170463956,0.04112883164635616,0.07246066932241269,0.6332952592741276,0.05220199230195622,0.03966927866119363,0.06926459512888888
maize_e2_pc,base,600,cls,768,leaf_droop,leaf_droopMean,ind,deg,10.0,0.12639058746469542,0.18831013325404444,3.5141123991233494,2.8202897616423455,3.1369938478993196,0.14388613700940878,4.486950714856613,3.5966448722612845,3.9038267456126987,0.14006442054864754,4.498536536269971,3.640881513186198,3.936639009003175
maize_e2_pc,base,600,cls,768,leaf_twist,leaf_twistAbsMean,ind,deg,0.1,0.8374787436750015,0.8662314675646199,6.6455808762362,5.153124003323788,14.405222459957189,0.8716065536361342,10.075523407004647,7.21372522152333,21.749428834315346,0.8718177279758388,10.531099555762323,7.5759381143921445,22.181697333172064
maize_e2_pc,base,600,cls,768,leaf_curl,leaf_curlMean,ind,-,1.0,0.13312906290240778,0.2336808732356882,0.028110337173854635,0.02247990361861692,0.02569613857572789,0.169632246522483,0.03602590318108767,0.028989065610079447,0.031707320458412694,0.13517792713312637,0.036456831994807114,0.029254993332248267,0.03129485357409524
maize_e2_pc,base,600,cls,768,leaf_length,leaf_lengthMean,ind,len,1.0,0.39470265863413945,0.46358170298502777,0.029409122071734937,0.02358078420806149,0.03234909045275284,0.4753943750187114,0.039544188592166254,0.03175848201366086,0.04454839845485714,0.45089154204249604,0.03994832947965632,0.03219571502649604,0.04365432612673016
maize_e2_pc,base,600,cls,768,leaf_width,leaf_widthMean,ind,len,0.1,0.4571901602941063,0.5385447540838086,0.005287335230199037,0.004232016127451761,0.006338726827319728,0.6063333341832187,0.007903423903469393,0.006394378456438913,0.010443120324232804,0.5938276064119774,0.008035687307572198,0.006580521127955701,0.01043888751915344
maize_e2_pc,base,600,cls,768,stem_radius,stem_radius,ind,len,0.1,0.5091715428066192,0.5826987440091603,0.0011828009185683587,0.0009265042086408961,0.0014712432027755103,0.5408426130559545,0.0015865982424134368,0.001244440834572951,0.001884645963259259,0.5089186844841209,0.0015772822709254415,0.001239015413325535,0.0018091519441269842
maize_e2_pc,base,600,cls,768,tassel_droop,tassel_matureDroopStrength,ind,-,10.0,0.03979810663891461,0.10642745988190094,0.2392393349417926,0.18731683925643922,0.20313227747620866,-0.1631627657375403,0.500447083418664,0.3636749129751341,0.3886489909898836,-0.19039053737156286,0.5205544314486888,0.3783235678982192,0.3964497122063916
maize_e2_pcrgb,base,600,cls,768,height,stem_internodeSum,6.4,gen. units,10.0,0.6327285305873243,0.6788448720398625,0.05414486097519559,0.043214152152614045,0.07674166827357823,0.6544306084964726,0.0696323616958339,0.0557118914920968,0.09527732244173545,0.6360612537232727,0.07039151903122269,0.05575262068774245,0.09393343214560847
maize_e2_pcrgb,base,600,cls,768,leaf_angle,leaf_angleMean,6.4,deg,10.0,0.9046561945924363,0.9184230066978787,2.69934591719397,2.0727120008090876,7.602045536589007,0.9156834519469518,3.4733428909906467,2.6431990787913957,9.62832856205816,0.9013463039366744,3.6534755191648425,2.722877665041341,9.294268180142222
maize_e2_pcrgb,base,600,cls,768,leaf_count,leaf_count,6.4,leaves,10.0,0.8558307785507105,0.8770844765919761,0.7900834720431755,0.6030497519175212,1.834986303854875,0.8941947026676134,1.035998093729757,0.7879157515631782,2.623488253968254,0.876983517815439,1.1021964676108547,0.8133044990963406,2.6187949206349206
maize_e2_pcrgb,base,600,cls,768,biomass,leaf_areaProxy,6.4,len^2,10.0,0.7366182660806768,0.7707885373873035,0.027001511735261045,0.021139413595761117,0.045948249103038546,0.7774697771556072,0.042316208436974256,0.03145500950715468,0.07246066932241269,0.7645931060149125,0.041825236428345854,0.030971939719973883,0.06926459512888888
maize_e2_pcrgb,base,600,cls,768,leaf_droop,leaf_droopMean,ind,deg,10.0,0.20780844397526588,0.3065467786568351,3.2480983523379403,2.6039425066536928,3.1369938478993196,0.2641282543155449,4.1599355153093915,3.3130675461028645,3.9038267456126987,0.23510377862331833,4.242672907998786,3.395899185594618,3.936639009003175
maize_e2_pcrgb,base,600,cls,768,leaf_twist,leaf_twistAbsMean,ind,deg,1.0,0.8507978841485466,0.8764156317714348,6.3876003696276005,4.967289663447789,14.405222459957189,0.9005234792148871,8.868628882018374,6.563759309111654,21.749428834315346,0.8930540070210664,9.619267329624389,7.080416834171169,22.181697333172064
maize_e2_pcrgb,base,600,cls,768,leaf_curl,leaf_curlMean,ind,-,10.0,0.15042253182330145,0.2530024444231215,0.027753695077482713,0.02216941884005247,0.02569613857572789,0.18500525134862422,0.03569086265114815,0.028408548841194155,0.031707320458412694,0.17865223197127467,0.03552868100860243,0.028620137910515674,0.03129485357409524
maize_e2_pcrgb,base,600,cls,768,leaf_length,leaf_lengthMean,ind,len,10.0,0.6568595856117438,0.7008184410864701,0.021963304308619355,0.01747768693452508,0.03234909045275284,0.7169134007797555,0.029048643238167818,0.02321967021112696,0.04454839845485714,0.7116609381915915,0.02894818217390825,0.023058754631444717,0.04365432612673016
maize_e2_pcrgb,base,600,cls,768,leaf_width,leaf_widthMean,ind,len,10.0,0.6465385159737833,0.6934360959986285,0.004309556331741005,0.0034392745242601353,0.006338726827319728,0.7644802345211974,0.006113144129373651,0.004841020588642598,0.010443120324232804,0.7552332034513942,0.006237981458551764,0.004907076970595837,0.01043888751915344
maize_e2_pcrgb,base,600,cls,768,stem_radius,stem_radius,ind,len,10.0,0.7061098879533197,0.7461613015769184,0.0009224986160913493,0.000716724630157519,0.0014712432027755103,0.7225133510501074,0.0012334093239137472,0.0009495267039752006,0.001884645963259259,0.6945912859430905,0.0012438655181087788,0.0009401972590514952,0.0018091519441269842
maize_e2_pcrgb,base,600,cls,768,tassel_droop,tassel_matureDroopStrength,ind,-,100.0,0.13661055055326882,0.19656200223302567,0.22685265320683667,0.17478504045456486,0.20313227747620866,0.00014572250032052203,0.4639874899869318,0.3346112197229786,0.3886489909898836,-0.02745227247781945,0.4836177625989019,0.34953061424358284,0.3964497122063916
maize_e2_pcrgbd,base,600,cls,768,height,stem_internodeSum,6.4,gen. units,1.0,0.6389934186713926,0.690153064734655,0.053183071406805386,0.042438444787114823,0.07674166827357823,0.6036634478375476,0.07457195942646246,0.058705114323786424,0.09527732244173545,0.6206028145358955,0.07187092631362743,0.05680538349527741,0.09393343214560847
maize_e2_pcrgbd,base,600,cls,768,leaf_angle,leaf_angleMean,6.4,deg,1.0,0.9051640899576959,0.9219559255504675,2.6402476356763853,1.9898101528709602,7.602045536589007,0.9106448823581235,3.575616771932942,2.6304251025405545,9.62832856205816,0.9020238417056047,3.640908162261006,2.607435221293674,9.294268180142222
maize_e2_pcrgbd,base,600,cls,768,leaf_count,leaf_count,6.4,leaves,1.0,0.8767295373379385,0.8977613555707986,0.7205716156682274,0.5466955019178845,1.834986303854875,0.9082126106637645,0.9649321110431975,0.7152617651621501,2.623488253968254,0.8963588274786713,1.011680832461644,0.7350348898569743,2.6187949206349206
maize_e2_pcrgbd,base,600,cls,768,biomass,leaf_areaProxy,6.4,len^2,1.0,0.7299603054532412,0.768491023259239,0.02713649990735904,0.021395817271819027,0.045948249103038546,0.7721439326741665,0.04281959398083395,0.03176280828385247,0.07246066932241269,0.7713631204188656,0.0412194277484349,0.0305445144318943,0.06926459512888888
maize_e2_pcrgbd,base,600,cls,768,leaf_droop,leaf_droopMean,ind,deg,10.0,0.2761487992799475,0.3526762345301774,3.1382053762889606,2.503683717664388,3.1369938478993196,0.3037534662931495,4.046383652438957,3.221117305085938,3.9038267456126987,0.3035143470806545,4.0485022074650345,3.222600387225695,3.936639009003175
maize_e2_pcrgbd,base,600,cls,768,leaf_twist,leaf_twistAbsMean,ind,deg,1.0,0.8804506230735095,0.9021076931287135,5.684997105950147,4.411361269186582,14.405222459957189,0.9150364157287195,8.196201007435223,5.891863360042752,21.749428834315346,0.9172386689339653,8.46200873408268,6.177982261208605,22.181697333172064
maize_e2_pcrgbd,base,600,cls,768,leaf_curl,leaf_curlMean,ind,-,10.0,0.15018129262223492,0.23718178320710548,0.0280460529796644,0.022423216847486584,0.02569613857572789,0.17664462158777594,0.035873463035709624,0.028623644935389197,0.031707320458412694,0.16118612390748244,0.0359044556856246,0.028792033757660762,0.03129485357409524
maize_e2_pcrgbd,base,600,cls,768,leaf_length,leaf_lengthMean,ind,len,10.0,0.6655331038681166,0.7002900243541748,0.021982691628985654,0.017499706389171057,0.03234909045275284,0.6958685088596361,0.030109038905419685,0.023964021396089764,0.04454839845485714,0.6979498707016065,0.029628459370835785,0.023500783962299345,0.04365432612673016
maize_e2_pcrgbd,base,600,cls,768,leaf_width,leaf_widthMean,ind,len,10.0,0.6772834583486964,0.7111353556479054,0.004183302283612955,0.0033415194295948803,0.006338726827319728,0.7811439671744445,0.00589291553732457,0.00467229555113411,0.010443120324232804,0.7727260334103021,0.006010943882118374,0.0047755438131630145,0.01043888751915344
maize_e2_pcrgbd,base,600,cls,768,stem_radius,stem_radius,ind,len,10.0,0.6898195462960824,0.7239773099031397,0.0009619648411165281,0.0007461214605492099,0.0014712432027755103,0.6930102301560419,0.0012973230447010646,0.0010014541787574291,0.001884645963259259,0.6684941858015145,0.001295920295311661,0.0009827269794424906,0.0018091519441269842
maize_e2_pcrgbd,base,600,cls,768,tassel_droop,tassel_matureDroopStrength,ind,-,10.0,0.1105339869138677,0.19343088036900136,0.22729426326832414,0.175451881255446,0.20313227747620866,-0.0502111348927623,0.475528144538857,0.3417418051414853,0.3886489909898836,-0.07324590933374364,0.49427772137774817,0.3579431214189129,0.3964497122063916
maize_4m,base,600,cls,768,height,stem_internodeSum,6.4,gen. units,1.0,0.5864087797397347,0.642767769177566,0.057105130759182346,0.04528624237341563,0.07674166827357823,0.5792008886302329,0.07683885737626661,0.061271767502663506,0.09527732244173545,0.5707702941387128,0.07644535033623968,0.060689276162378104,0.09393343214560847
maize_4m,base,600,cls,768,leaf_angle,leaf_angleMean,6.4,deg,1.0,0.8566179688241451,0.8751703742595563,3.3391315520704468,2.5184318654153177,7.602045536589007,0.8645674868676192,4.402027172367401,3.2632360035454373,9.62832856205816,0.857258600656965,4.394652060769671,3.240547090534668,9.294268180142222
maize_4m,base,600,cls,768,leaf_count,leaf_count,6.4,leaves,1.0,0.8515652792903976,0.8719782052548318,0.8063276731026352,0.612477217356364,1.834986303854875,0.889127987628581,1.0605135344217407,0.7897640137142605,2.623488253968254,0.8824561815889501,1.0774007172827313,0.7890455519358317,2.6187949206349206
maize_4m,base,600,cls,768,biomass,leaf_areaProxy,6.4,len^2,1.0,0.712417300378162,0.7522995198044251,0.028069413464358987,0.022001103224755333,0.045948249103038546,0.769646565625697,0.043053611942797235,0.03169878798200501,0.07246066932241269,0.7549608318546454,0.04267235101121527,0.031399432422405026,0.06926459512888888
maize_4m,base,600,cls,768,leaf_droop,leaf_droopMean,ind,deg,10.0,0.26966685240893756,0.34621025952181217,3.1538398533018586,2.5145552290913313,3.1369938478993196,0.2926592639919434,4.07849439131533,3.244229706874132,3.9038267456126987,0.28669032223261826,4.097107425309383,3.284147766469184,3.936639009003175
maize_4m,base,600,cls,768,leaf_twist,leaf_twistAbsMean,ind,deg,1.0,0.8739409129961062,0.8922633556494814,5.964000740944609,4.629191506425282,14.405222459957189,0.9047167675040447,8.679694292898473,6.380082586056804,21.749428834315346,0.9038596102451507,9.120374570772364,6.615407979686958,22.181697333172064
maize_4m,base,600,cls,768,leaf_curl,leaf_curlMean,ind,-,10.0,0.08523945513850903,0.17933133112983268,0.02909009562664376,0.02326804880004774,0.02569613857572789,0.11860853681788597,0.03711624730041259,0.029641931068663703,0.031707320458412694,0.11602724864119895,0.03685827305620245,0.029574411253851147,0.03129485357409524
maize_4m,base,600,cls,768,leaf_length,leaf_lengthMean,ind,len,1.0,0.6347899689315505,0.6861903203697286,0.022493831433964575,0.01789761056337829,0.03234909045275284,0.6899457956471904,0.030400799814123993,0.02430273443211577,0.04454839845485714,0.6722782295190324,0.030861867525536664,0.024657997538040585,0.04365432612673016
maize_4m,base,600,cls,768,leaf_width,leaf_widthMean,ind,len,10.0,0.625846800375652,0.6659998987280268,0.004498268265645937,0.003578608312425954,0.006338726827319728,0.7419763236559441,0.006398537720836114,0.005149051184144762,0.010443120324232804,0.7307097990541885,0.006543017815010723,0.005245979028001467,0.01043888751915344
maize_4m,base,600,cls,768,stem_radius,stem_radius,ind,len,1.0,0.726773791816733,0.7638519745827368,0.0008897724743611963,0.0006884015611970822,0.0014712432027755103,0.7405829239229239,0.0011925743411497177,0.0009219835704965723,0.001884645963259259,0.710775791388942,0.0012104588699439537,0.0009220621705302133,0.0018091519441269842
maize_4m,base,600,cls,768,tassel_droop,tassel_matureDroopStrength,ind,-,10.0,0.08826028158718006,0.1810913342714484,0.22902632942300216,0.17771189406402993,0.20313227747620866,-0.07589225537136479,0.4813071435241673,0.3479034123113743,0.3886489909898836,-0.11823303200227064,0.5045306719511136,0.365391126465715,0.3964497122063916
